Contig名称	物种名称	taxid	基因名称	覆盖度%	一致性%	产物	VF分类	VF名称	起始碱基	终止碱基	正负链
contig_103	Neisseria meningitidis 053442	374833	fHbp	86.29	95.03	(fHbp) factor H binding protein  [FHbp (VF0452) - Immune modulation (VFC0258)] [Neisseria meningitidis MC58]	Immune modulation	FHbp	1	846	+
contig_119	Neisseria meningitidis 053442	374833	lbpA	85.77	94.92	(lbpA) lactoferrin-binding protein A [Lbp (VF0047) - Nutritional/Metabolic factor (VFC0272)] [Neisseria meningitidis MC58]	Nutritional/Metabolic factor	Lbp	1	2435	-
contig_119	Neisseria meningitidis 053442	374833	lbpB	83.33	78.83	(lbpB) lactoferrin-binding protein B [Lbp (VF0047) - Nutritional/Metabolic factor (VFC0272)] [Neisseria meningitidis MC58]	Nutritional/Metabolic factor	Lbp	2500	4428	-
contig_131	Neisseria meningitidis 053442	374833	siaD_synD	97.36	71.21	(siaD/synD) polysialic acid capsule biosynthesis protein SiaD; disrupted by foreign ermC cassette [Capsule (VF0079) - Immune modulation (VFC0258)] [Neisseria meningitidis MC58]	Immune modulation	Capsule	2647	3283	-
contig_131	Neisseria meningitidis 053442	374833	siaC_synC	74.29	99.74	(siaC/synC) polysialic acid capsule biosynthesis protein SiaC [Capsule (VF0079) - Immune modulation (VFC0258)] [Neisseria meningitidis MC58]	Immune modulation	Capsule	3370	4149	-
contig_135	Neisseria meningitidis	487	nspA	100.0	99.24	(nspA) neisserial surface protein A [NspA (VF0453) - Immune modulation (VFC0258)] [Neisseria meningitidis MC58]	Immune modulation	NspA	618	1142	-
contig_136	Neisseria meningitidis 053442	374833	pilT	100.0	99.33	(pilT) twitching motility protein PilT [Type IV pili (VF0075) - Adherence (VFC0001)] [Neisseria meningitidis MC58]	Adherence	Type IV pili	2867	3910	+
contig_146	Neisseria meningitidis 053442	374833	opc	100.0	99.76	(opc) class 5 outer membrane protein [Opc (VF0077) - Invasion (VFC0083)] [Neisseria meningitidis MC58]	Invasion	Opc	832	1650	+
contig_159	Neisseria meningitidis M0579	935590	pilC	98.84	88.58	(pilC) pilus assembly protein [Type IV pili (VF0075) - Adherence (VFC0001)] [Neisseria meningitidis MC58]	Adherence	Type IV pili	561	3645	-
contig_166	Neisseria meningitidis	487	iga	58.61	87.27	(iga) IgA-specific serine endopeptidase [IgA1 protease (VF0080) - Effector delivery system (VFC0086)] [Neisseria meningitidis MC58]	Effector delivery system	IgA1 protease	302	3544	-
contig_169	Neisseria meningitidis 053442	374833	katA	100.0	97.29	(katA) catalase [KatA (VF0454) - Stress survival (VFC0282)] [Neisseria meningitidis MC58]	Stress survival	KatA	1631	3145	+
contig_178	Neisseria meningitidis M01-240355	935588	pilQ	73.25	98.64	(pilQ) type IV pilus secretin protein PilQ  [Type IV pili (VF0075) - Adherence (VFC0001)] [Neisseria meningitidis MC58]	Adherence	Type IV pili	1722	3413	-
contig_179	Neisseria meningitidis	487	hpuA	85.85	90.24	(hpuA) haemoglobin-haptoglobin-utilization protein [HpuAB (VF0049) - Nutritional/Metabolic factor (VFC0272)] [Neisseria meningitidis Z2491]	Nutritional/Metabolic factor	HpuAB	1	927	+
contig_179	Neisseria meningitidis	487	hpuB	100.0	99.71	(hpuB) haemoglobin-haptoglobin-utilization protein [HpuAB (VF0049) - Nutritional/Metabolic factor (VFC0272)] [Neisseria meningitidis Z2491]	Nutritional/Metabolic factor	HpuAB	968	3400	+
contig_180	Neisseria meningitidis 053442	374833	mntC	100.0	98.03	(mntC) periplasmic binding protein MntC [MntABC (VF0455) - Stress survival (VFC0282)] [Neisseria meningitidis MC58]	Stress survival	MntABC	59	973	-
contig_180	Neisseria meningitidis 053442	374833	mntB	100.0	97.49	(mntB) Manganese transport system membrane protein MntB [MntABC (VF0455) - Stress survival (VFC0282)] [Neisseria meningitidis MC58]	Stress survival	MntABC	1050	1925	-
contig_180	Neisseria meningitidis 053442	374833	mntA	100.0	94.77	(mntA) ABC transporter ATP-binding protein MntA [MntABC (VF0455) - Stress survival (VFC0282)] [Neisseria meningitidis MC58]	Stress survival	MntABC	1961	2686	-
contig_191	Neisseria meningitidis 053442	374833	pilP	100.0	99.63	(pilP) type IV pilus biogenesis protein PilP [Type IV pili (VF0075) - Adherence (VFC0001)] [Neisseria meningitidis MC58]	Adherence	Type IV pili	601	1146	-
contig_191	Neisseria meningitidis 053442	374833	pilO	100.0	99.54	(pilO) type IV pilus inner membrane platform protein PilO [Type IV pili (VF0075) - Adherence (VFC0001)] [Neisseria meningitidis MC58]	Adherence	Type IV pili	1164	1811	-
contig_191	Neisseria meningitidis 053442	374833	pilN	100.0	100.0	(pilN) type IV pilus inner membrane platform protein PilN [Type IV pili (VF0075) - Adherence (VFC0001)] [Neisseria meningitidis MC58]	Adherence	Type IV pili	1812	2411	-
contig_191	Neisseria meningitidis 053442	374833	pilM	70.97	100.0	(pilM) type IV pilus inner membrane platform protein PilM [Type IV pili (VF0075) - Adherence (VFC0001)] [Neisseria meningitidis MC58]	Adherence	Type IV pili	2414	3205	-
contig_20	Neisseria meningitidis 053442	374833	fHbp	84.63	77.99	(fHbp) factor H binding protein  [FHbp (VF0452) - Immune modulation (VFC0258)] [Neisseria meningitidis MC58]	Immune modulation	FHbp	6848	7671	-
contig_246	Neisseria meningitidis	487	htpB	89.33	68.78	(htpB) Hsp60 60K heat shock protein HtpB [Hsp60 (VF0159) - Adherence (VFC0001)] [Legionella pneumophila subsp. pneumophila str. Philadelphia 1]	Adherence	Hsp60	379	1860	-
contig_258	Neisseria meningitidis	487	msrA_B(pilB	100.0	99.17	(msrA/B(pilB)) trifunctional thioredoxin/methionine sulfoxide reductase A/B protein [MsrAB (VF0456) - Stress survival (VFC0282)] [Neisseria meningitidis MC58]	Stress survival	MsrAB	913	2481	-
contig_265	Neisseria meningitidis	487	siaD_synD	99.84	100.0	(siaD/synD) polysialic acid capsule biosynthesis protein SiaD; disrupted by foreign ermC cassette [Capsule (VF0079) - Immune modulation (VFC0258)] [Neisseria meningitidis MC58]	Immune modulation	Capsule	1687	2330	-
contig_282	Neisseria meningitidis	487	siaA_synA	62.08	99.72	(siaA/synA) polysialic acid capsule biosynthesis protein SynX [Capsule (VF0079) - Immune modulation (VFC0258)] [Neisseria meningitidis MC58]	Immune modulation	Capsule	1	704	-
contig_282	Neisseria meningitidis	487	ctrA	100.0	99.92	(ctrA) capsule polysaccharide export outer membrane protein CtrA [Capsule (VF0079) - Immune modulation (VFC0258)] [Neisseria meningitidis MC58]	Immune modulation	Capsule	839	2014	+
contig_284	Neisseria meningitidis	487	lgtE	100.0	95.49	(lgtE) glycosyltransferase family 25 protein [LOS (VF0078) - Immune modulation (VFC0258)] [Neisseria meningitidis MC58]	Immune modulation	LOS	320	1162	-
contig_284	Neisseria meningitidis	487	lgtB	100.0	97.7	(lgtB) glycosyltransferase family 25 protein [LOS (VF0078) - Immune modulation (VFC0258)] [Neisseria meningitidis MC58]	Immune modulation	LOS	1311	2138	-
contig_3	Neisseria meningitidis 053442	374833	pilW	100.0	99.08	(pilW) type IV fimbrial biogenesis and twitching motility protein PilW [Type IV pili (VF0075) - Adherence (VFC0001)] [Neisseria meningitidis MC58]	Adherence	Type IV pili	1275	2036	-
contig_309	Neisseria meningitidis	487	pilH	94.17	94.42	(pilH) pilin-like protein may involving in pseudopilus formation [Type IV pili (VF0075) - Adherence (VFC0001)] [Neisseria meningitidis MC58]	Adherence	Type IV pili	1	642	+
contig_309	Neisseria meningitidis	487	pilI	100.0	94.12	(pilI) pilin-like protein may involving in pseudopilus formation [Type IV pili (VF0075) - Adherence (VFC0001)] [Neisseria meningitidis MC58]	Adherence	Type IV pili	666	1277	+
contig_309	Neisseria meningitidis	487	pilJ	57.75	87.75	(pilJ) pilin-like protein may involving in pseudopilus formation [Type IV pili (VF0075) - Adherence (VFC0001)] [Neisseria meningitidis MC58]	Adherence	Type IV pili	1672	2215	+
contig_311	Neisseria meningitidis 053442	374833	rfaC	79.05	99.61	(rfaC) lipopolysaccharide heptosyltransferase I [LOS (VF0078) - Immune modulation (VFC0258)] [Neisseria meningitidis MC58]	Immune modulation	LOS	1447	2212	-
contig_325	Neisseria meningitidis	487	pilG	100.0	100.0	(pilG) pilus assembly protein PilG [Type IV pili (VF0075) - Adherence (VFC0001)] [Neisseria meningitidis MC58]	Adherence	Type IV pili	740	1972	+
contig_330	Neisseria meningitidis 053442	374833	luxS	85.36	74.16	(luxS) S-ribosylhomocysteinase [AI-2 (VF0406) - Biofilm (VFC0271)] [Vibrio cholerae O1 biovar El Tor str. N16961]	Biofilm	AI-2	1529	1972	-
contig_331	Neisseria meningitidis 053442	374833	luxS	85.36	73.93	(luxS) S-ribosylhomocysteinase [AI-2 (VF0406) - Biofilm (VFC0271)] [Vibrio cholerae O1 biovar El Tor str. N16961]	Biofilm	AI-2	81	524	+
contig_342	Neisseria meningitidis MC58	122586	ctrD	89.25	96.04	(ctrD) capsule polysaccharide export ATP-binding protein CtrD [Capsule (VF0079) - Immune modulation (VFC0258)] [Neisseria meningitidis MC58]	Immune modulation	Capsule	1422	2002	+
contig_356	Neisseria meningitidis	487	mtrD	60.86	99.59	(mtrD) multiple transferable resistance system protein MtrD [MtrCDE (VF0451) - Antimicrobial activity/Competitive advantage (VFC0325)] [Neisseria meningitidis MC58]	Antimicrobial activity/Competitive advantage	MtrCDE	1	1950	-
contig_36	Neisseria meningitidis 053442	374833	farB	100.0	96.59	(farB) fatty acid efflux system protein FarB [FarAB (VF0450) - Antimicrobial activity/Competitive advantage (VFC0325)] [Neisseria meningitidis MC58]	Antimicrobial activity/Competitive advantage	FarAB	2387	3913	-
contig_36	Neisseria meningitidis 053442	374833	farA	100.0	99.13	(farA) fatty acid efflux system protein FarA [FarAB (VF0450) - Antimicrobial activity/Competitive advantage (VFC0325)] [Neisseria meningitidis MC58]	Antimicrobial activity/Competitive advantage	FarAB	3937	5091	-
contig_370	Neisseria meningitidis 053442	374833	pilH	93.87	92.43	(pilH) pilin-like protein may involving in pseudopilus formation [Type IV pili (VF0075) - Adherence (VFC0001)] [Neisseria meningitidis MC58]	Adherence	Type IV pili	1	631	+
contig_370	Neisseria meningitidis 053442	374833	pilI	100.0	97.54	(pilI) pilin-like protein may involving in pseudopilus formation [Type IV pili (VF0075) - Adherence (VFC0001)] [Neisseria meningitidis MC58]	Adherence	Type IV pili	663	1271	+
contig_378	Neisseria meningitidis	487	porA	97.96	94.53	(porA) porin PorA [Porin (VF0081) - Invasion (VFC0083)] [Neisseria meningitidis MC58]	Invasion	Porin	273	1436	-
contig_399	Neisseria meningitidis 053442	374833	pilS	98.45	87.86	(pilS) pilin [Type IV pili (VF0075) - Adherence (VFC0001)] [Neisseria meningitidis MC58]	Adherence	Type IV pili	19	405	-
contig_399	Neisseria meningitidis 053442	374833	pilS	54.11	88.28	(pilS) pilin [Type IV pili (VF0075) - Adherence (VFC0001)] [Neisseria meningitidis MC58]	Adherence	Type IV pili	637	886	-
contig_40	Neisseria meningitidis M01-240355	935588	recN	100.0	97.37	(recN) DNA repair protein RecN [RecN (VF0457) - Stress survival (VFC0282)] [Neisseria meningitidis MC58]	Stress survival	RecN	187	1860	-
contig_419	Neisseria meningitidis 053442	374833	opa	97.63	88.86	(opa) outer membrane beta-barrel protein [Opa (VF0076) - Invasion (VFC0083)] [Neisseria meningitidis MC58]	Invasion	Opa	61	726	+
contig_424	Neisseria meningitidis 053442	374833	porB	99.9	94.6	(porB) major outer membrane protein PIB [Porin (VF0081) - Invasion (VFC0083)] [Neisseria meningitidis MC58]	Invasion	Porin	449	1447	+
contig_449	Neisseria meningitidis 053442	374833	tbpB	72.93	83.44	(tbpB) transferrin-binding protein B [Tbp (VF0046) - Nutritional/Metabolic factor (VFC0272)] [Neisseria meningitidis MC58]	Nutritional/Metabolic factor	Tbp	1	1592	-
contig_459	Neisseria meningitidis	487	mtrE	98.22	97.97	(mtrE) multidrug efflux pump channel protein MtrE [MtrCDE (VF0451) - Antimicrobial activity/Competitive advantage (VFC0325)] [Neisseria meningitidis MC58]	Antimicrobial activity/Competitive advantage	MtrCDE	175	1553	+
contig_463	Neisseria meningitidis	487	opa	92.4	90.75	(opa) outer membrane beta-barrel protein [Opa (VF0076) - Invasion (VFC0083)] [Neisseria meningitidis MC58]	Invasion	Opa	780	1533	-
contig_469	Neisseria meningitidis	487	mtrC	66.83	100.0	(mtrC) membrane fusion protein MtrC [MtrCDE (VF0451) - Antimicrobial activity/Competitive advantage (VFC0325)] [Neisseria meningitidis MC58]	Antimicrobial activity/Competitive advantage	MtrCDE	698	1525	-
contig_48	Neisseria meningitidis alpha14	662598	kdtA_waaA	99.06	95.83	(kdtA/waaA) lipid IV(A) 3-deoxy-D-manno-octulosonic acid transferase [LOS (VF0078) - Immune modulation (VFC0258)] [Neisseria meningitidis MC58]	Immune modulation	LOS	3677	4936	+
contig_487	Neisseria meningitidis 053442	374833	opa	64.34	90.09	(opa) outer membrane beta-barrel protein [Opa (VF0076) - Invasion (VFC0083)] [Neisseria meningitidis MC58]	Invasion	Opa	931	1471	-
contig_489	Neisseria meningitidis 053442	374833	pilS	81.17	89.58	(pilS) pilin [Type IV pili (VF0075) - Adherence (VFC0001)] [Neisseria meningitidis MC58]	Adherence	Type IV pili	707	1084	-
contig_489	Neisseria meningitidis 053442	374833	pilS	83.08	91.55	(pilS) pilin [Type IV pili (VF0075) - Adherence (VFC0001)] [Neisseria meningitidis MC58]	Adherence	Type IV pili	1125	1467	-
contig_491	Neisseria meningitidis	487	lgtA	55.52	95.05	(lgtA) glycosyltransferase [LOS (VF0078) - Immune modulation (VFC0258)] [Neisseria meningitidis MC58]	Immune modulation	LOS	878	1460	+
contig_51	Neisseria meningitidis 053442	374833	pilD	100.0	96.86	(pilD) type IV pilus prepilin peptidase [Type IV pili (VF0075) - Adherence (VFC0001)] [Neisseria meningitidis MC58]	Adherence	Type IV pili	36	896	+
contig_51	Neisseria meningitidis 053442	374833	pilF	100.0	99.76	(pilF) type IV pilus assembly ATPase protein [Type IV pili (VF0075) - Adherence (VFC0001)] [Neisseria meningitidis MC58]	Adherence	Type IV pili	1817	3493	-
contig_521	Neisseria meningitidis	487	flmH	72.79	70.74	(flmH) short chain dehydrogenase/reductase family oxidoreductase [Polar flagella (VF0473) - Motility (VFC0204)] [Aeromonas hydrophila ML09-119]	Motility	Polar flagella	1	539	-
contig_523	Neisseria meningitidis	487	siaB_synB	100.0	100.0	(siaB/synB) polysialic acid capsule biosynthesis protein SiaB [Capsule (VF0079) - Immune modulation (VFC0258)] [Neisseria meningitidis MC58]	Immune modulation	Capsule	348	1034	-
contig_558	Neisseria meningitidis	487	pilT2	57.59	98.75	(pilT2) twitching motility protein PilT [Type IV pili (VF0075) - Adherence (VFC0001)] [Neisseria meningitidis MC58]	Adherence	Type IV pili	1	641	-
contig_582	Neisseria meningitidis	487	hlyB	52.78	65.51	(hlyB) Hemolysin B [Alpha-Hemolysin (VF0225) - Exotoxin (VFC0235)] [Escherichia coli CFT073]	Exotoxin	Alpha-Hemolysin	82	1204	-
contig_585	Neisseria meningitidis 053442	374833	rfaK	60.75	98.61	(rfaK) glycosyltransferase family 4 protein [LOS (VF0078) - Immune modulation (VFC0258)] [Neisseria meningitidis MC58]	Immune modulation	LOS	1	647	-
contig_585	Neisseria meningitidis 053442	374833	lgtF	72.33	98.54	(lgtF) glycosyltransferase family 2 protein [LOS (VF0078) - Immune modulation (VFC0258)] [Neisseria meningitidis MC58]	Immune modulation	LOS	648	1196	-
contig_591	Neisseria meningitidis 053442	374833	pilS	59.2	93.7	(pilS) pilin [Type IV pili (VF0075) - Adherence (VFC0001)] [Neisseria meningitidis MC58]	Adherence	Type IV pili	1	238	-
contig_591	Neisseria meningitidis 053442	374833	pilS	97.4	88.61	(pilS) pilin [Type IV pili (VF0075) - Adherence (VFC0001)] [Neisseria meningitidis MC58]	Adherence	Type IV pili	536	1009	-
contig_61	Neisseria meningitidis 053442	374833	lpt6	89.49	66.18	(lpt6) phosphoethanolamine (Petn) transferase [LOS (VF0044) - Immune modulation (VFC0258)] [Haemophilus influenzae Rd KW20]	Immune modulation	LOS	2044	3536	+
contig_631	Neisseria meningitidis	487	lipB	73.57	100.0	(lipB) capsule polysaccharide modification protein LipB [Capsule (VF0079) - Immune modulation (VFC0258)] [Neisseria meningitidis MC58]	Immune modulation	Capsule	189	1115	+
contig_680	Neisseria meningitidis 053442	374833	pilZ	52.14	99.45	(pilZ) type IV pilus assembly protein PilZ [Type IV pili (VF0075) - Adherence (VFC0001)] [Neisseria meningitidis MC58]	Adherence	Type IV pili	1	183	+
contig_77	Neisseria meningitidis 053442	374833	fbpA	100.0	99.5	(fbpA) iron(III) ABC transporter periplasmic binding protein [FbpABC (VF0272) - Nutritional/Metabolic factor (VFC0272)] [Neisseria meningitidis MC58]	Nutritional/Metabolic factor	FbpABC	300	1295	+
contig_77	Neisseria meningitidis 053442	374833	fbpB	100.0	99.87	(fbpB) iron(III) ABC transporter permease protein [FbpABC (VF0272) - Nutritional/Metabolic factor (VFC0272)] [Neisseria meningitidis MC58]	Nutritional/Metabolic factor	FbpABC	1363	2880	+
contig_77	Neisseria meningitidis 053442	374833	fbpC	100.0	99.53	(fbpC) iron(III) ABC transporter ATP-binding protein [FbpABC (VF0272) - Nutritional/Metabolic factor (VFC0272)] [Neisseria meningitidis MC58]	Nutritional/Metabolic factor	FbpABC	2901	3959	+
contig_82	Neisseria meningitidis	487	mntC	100.0	96.72	(mntC) periplasmic binding protein MntC [MntABC (VF0455) - Stress survival (VFC0282)] [Neisseria meningitidis MC58]	Stress survival	MntABC	221	1135	-
contig_82	Neisseria meningitidis	487	mntB	100.0	99.43	(mntB) Manganese transport system membrane protein MntB [MntABC (VF0455) - Stress survival (VFC0282)] [Neisseria meningitidis MC58]	Stress survival	MntABC	1212	2087	-
contig_82	Neisseria meningitidis	487	mntA	100.0	94.49	(mntA) ABC transporter ATP-binding protein MntA [MntABC (VF0455) - Stress survival (VFC0282)] [Neisseria meningitidis MC58]	Stress survival	MntABC	2122	2847	-
contig_86	Neisseria meningitidis	487	lbpB	91.51	79.31	(lbpB) lactoferrin-binding protein B [Lbp (VF0047) - Nutritional/Metabolic factor (VFC0272)] [Neisseria meningitidis MC58]	Nutritional/Metabolic factor	Lbp	284	2411	+
contig_86	Neisseria meningitidis	487	lbpA	100.0	97.99	(lbpA) lactoferrin-binding protein A [Lbp (VF0047) - Nutritional/Metabolic factor (VFC0272)] [Neisseria meningitidis MC58]	Nutritional/Metabolic factor	Lbp	2458	5289	+
contig_9	Neisseria meningitidis 053442	374833	tufA	54.85	66.92	(tufA) elongation factor Tu [EF-Tu (VF0460) - Adherence (VFC0001)] [Francisella tularensis subsp. tularensis SCHU S4]	Adherence	EF-Tu	21	670	+
contig_95	Neisseria meningitidis 053442	374833	tbpA	97.56	95.98	(tbpA) transferrin-binding protein A [Tbp (VF0046) - Nutritional/Metabolic factor (VFC0272)] [Neisseria meningitidis MC58]	Nutritional/Metabolic factor	Tbp	1	2684	-
contig_95	Neisseria meningitidis 053442	374833	tbpB	98.83	88.6	(tbpB) transferrin-binding protein B [Tbp (VF0046) - Nutritional/Metabolic factor (VFC0272)] [Neisseria meningitidis MC58]	Nutritional/Metabolic factor	Tbp	2771	4921	-
