Contig名称	起始碱基	终止碱基	正负链	基因名称	覆盖度%	一致性%	产物	VFID	VF名称	VF全称	物种来源	VFCID	VF分类	特征	结构	功能	机制	文献来源
contig_103	1	846	+	fHbp	86.29	95.03	(fHbp) factor H binding protein  [FHbp (VF0452) - Immune modulation (VFC0258)] [Neisseria meningitidis MC58]	VF0452	FHbp		Neisseria meningitidis	VFC0258	Immune modulation		PDB code: 3KVD	Binds complment factor H to prevent complement-mediated killing		Abstract(s) in PubMed
contig_119	1	2435	-	lbpA	85.77	94.92	(lbpA) lactoferrin-binding protein A [Lbp (VF0047) - Nutritional/Metabolic factor (VFC0272)] [Neisseria meningitidis MC58]	VF0047	Lbp	Lactoferrin-binding protein	Neisseria meningitidis	VFC0272	Nutritional/Metabolic factor	The entry site of N. meningitidis into the body is the nasopharynx, where lactoferrin predominates as the main source of iron		LbpA is the TonB-dependent lactoferrin receptor and Fe transport channel, LbpB is lactoferrin receptor accessory lipoprotein, contributes to lactoferrin binding/use		Abstract(s) in PubMed
contig_119	2500	4428	-	lbpB	83.33	78.83	(lbpB) lactoferrin-binding protein B [Lbp (VF0047) - Nutritional/Metabolic factor (VFC0272)] [Neisseria meningitidis MC58]	VF0047	Lbp	Lactoferrin-binding protein	Neisseria meningitidis	VFC0272	Nutritional/Metabolic factor	The entry site of N. meningitidis into the body is the nasopharynx, where lactoferrin predominates as the main source of iron		LbpA is the TonB-dependent lactoferrin receptor and Fe transport channel, LbpB is lactoferrin receptor accessory lipoprotein, contributes to lactoferrin binding/use		Abstract(s) in PubMed
contig_131	2647	3283	-	siaD/synD	97.36	71.21	(siaD/synD) polysialic acid capsule biosynthesis protein SiaD; disrupted by foreign ermC cassette [Capsule (VF0079) - Immune modulation (VFC0258)] [Neisseria meningitidis MC58]	VF0079	Capsule		Neisseria meningitidis	VFC0258	Immune modulation	The meningococcal capsule-synthesis (cps) gene cluster consists of five regions:; region A harbors the polysaccharide synthesis operon (sia, syn genes); region B contains lip genes responsible for lipid modification; region C harbors ctr genes necessary for polysaccharide transport; region D is involved in lipopolysaccharide synthesis; region D' is a truncated duplication of the region D; region E contains the tex gene homologue; on-off switching of expression via a poly-cytidine tract within siaD		Mediate resistance to both phagocytosis and complement-mediated killing; Opa- and Opc-mediated invasion into host cells is also blocked by the expression of a capsule		Abstract(s) in PubMed
contig_131	3370	4149	-	siaC/synC	74.29	99.74	(siaC/synC) polysialic acid capsule biosynthesis protein SiaC [Capsule (VF0079) - Immune modulation (VFC0258)] [Neisseria meningitidis MC58]	VF0079	Capsule		Neisseria meningitidis	VFC0258	Immune modulation	The meningococcal capsule-synthesis (cps) gene cluster consists of five regions:; region A harbors the polysaccharide synthesis operon (sia, syn genes); region B contains lip genes responsible for lipid modification; region C harbors ctr genes necessary for polysaccharide transport; region D is involved in lipopolysaccharide synthesis; region D' is a truncated duplication of the region D; region E contains the tex gene homologue; on-off switching of expression via a poly-cytidine tract within siaD		Mediate resistance to both phagocytosis and complement-mediated killing; Opa- and Opc-mediated invasion into host cells is also blocked by the expression of a capsule		Abstract(s) in PubMed
contig_135	618	1142	-	nspA	100.0	99.24	(nspA) neisserial surface protein A [NspA (VF0453) - Immune modulation (VFC0258)] [Neisseria meningitidis MC58]	VF0453	NspA	Neisserial surface protein A	Neisseria meningitidis	VFC0258	Immune modulation		PDB code: 1P4T	Binds complement factor H to inhibit host innate immune defenses		Abstract(s) in PubMed
contig_136	2867	3910	+	pilT	100.0	99.33	(pilT) twitching motility protein PilT [Type IV pili (VF0075) - Adherence (VFC0001)] [Neisseria meningitidis MC58]	VF0075	Type IV pili		Neisseria meningitidis	VFC0001	Adherence	One or two different loci are used for the expression of the major pilin encoding gene (pilE), whereas various silent genes (pilS) are spread throughout the chromosome. Recombination between pilS and pilE copies leads to changes in the pilin coding sequence and subsequently to the expression of antigenically different pili. Mutations affecting the length of the homopolymeric G-run located in the region encoding the SP of PilC results in on/off changes in piliation	Pilin is synthesized as a precursor protein, processing by the PilD prepilin peptidase/transmethylase. Mature pilin subunit with an alpha-methylated phenylalanine residue at its N terminus (N-met-Phe). The pilin monomer contains a C-terminal globular head region and an N-terminal hydrophobic tail that folds into an unusually long alpha-helix. Pilin subunits polymerize into a right-handed helical cylinder. The hydrophobic pilin tails pack into the cylinder core while the globular pilin heads face outward, forming the surface of the cylinder; PilT, a cytoplasmic or inner membrane-localized ATPase mediates pilus disassembly from fiber base, causing retraction; PilC acts as an inhibitor of PilT-mediated fiber disassembly	Necessary for initial attachment, twitching motility and competence for natural transformation and autoagglutination	The membrane co-factor protein (MCP or CD46) has been proposed as a cellular receptor for pilus of both pathogenic Neisseria. CD46 is a transmembrane C3b/C4b-binding glycoprotein which functions to control the activation state and deposition of complement, and thereby protects host cells from damage caused by the human complement system	Abstract(s) in PubMed
contig_146	832	1650	+	opc	100.0	99.76	(opc) class 5 outer membrane protein [Opc (VF0077) - Invasion (VFC0083)] [Neisseria meningitidis MC58]	VF0077	Opc		Neisseria meningitidis	VFC0083	Invasion	A beta barrel protein with five surface loops encoded by a single gene; phase-variable expression of the meningococal Opc is mediated by slip-strand errors in a homopolymeric cytidine tract residing within the promoter of the opc gene		Functional homologue of OpaHS, as Opc can bind HSPGs and ECM proteins		Abstract(s) in PubMed
contig_159	561	3645	-	pilC	98.84	88.58	(pilC) pilus assembly protein [Type IV pili (VF0075) - Adherence (VFC0001)] [Neisseria meningitidis MC58]	VF0075	Type IV pili		Neisseria meningitidis	VFC0001	Adherence	One or two different loci are used for the expression of the major pilin encoding gene (pilE), whereas various silent genes (pilS) are spread throughout the chromosome. Recombination between pilS and pilE copies leads to changes in the pilin coding sequence and subsequently to the expression of antigenically different pili. Mutations affecting the length of the homopolymeric G-run located in the region encoding the SP of PilC results in on/off changes in piliation	Pilin is synthesized as a precursor protein, processing by the PilD prepilin peptidase/transmethylase. Mature pilin subunit with an alpha-methylated phenylalanine residue at its N terminus (N-met-Phe). The pilin monomer contains a C-terminal globular head region and an N-terminal hydrophobic tail that folds into an unusually long alpha-helix. Pilin subunits polymerize into a right-handed helical cylinder. The hydrophobic pilin tails pack into the cylinder core while the globular pilin heads face outward, forming the surface of the cylinder; PilT, a cytoplasmic or inner membrane-localized ATPase mediates pilus disassembly from fiber base, causing retraction; PilC acts as an inhibitor of PilT-mediated fiber disassembly	Necessary for initial attachment, twitching motility and competence for natural transformation and autoagglutination	The membrane co-factor protein (MCP or CD46) has been proposed as a cellular receptor for pilus of both pathogenic Neisseria. CD46 is a transmembrane C3b/C4b-binding glycoprotein which functions to control the activation state and deposition of complement, and thereby protects host cells from damage caused by the human complement system	Abstract(s) in PubMed
contig_166	302	3544	-	iga	58.61	87.27	(iga) IgA-specific serine endopeptidase [IgA1 protease (VF0080) - Effector delivery system (VFC0086)] [Neisseria meningitidis MC58]	VF0080	IgA1 protease		Neisseria meningitidis	VFC0086	Effector delivery system		Autotransporter	Interferes with the barrier functions of mucosal IgA antibodies by cleaving secretory IgA1 in the hinge region; phagosomal escape	Cleavage of IgA1 antibodies leads to separation of the F(ab) fragment, which is involved in antigen binding, from the Fc domain, which is involved in effector function. This result in the pathogen becoming decorated by IgA1 F(ab) fragments, thus masking the immunodominant epitopes that could be targets for IgG-mediated complement activation; cleavage of the phagosomal Lamp-1 protein, a major component of the lysosomal membrane, and is thought to protect the lysosomal membrane against the degradative enzymes present within the lysosome	Abstract(s) in PubMed
contig_169	1631	3145	+	katA	100.0	97.29	(katA) catalase [KatA (VF0454) - Stress survival (VFC0282)] [Neisseria meningitidis MC58]	VF0454	KatA		Neisseria meningitidis	VFC0282	Stress survival			Detoxifies H2O2; Protects against ROS (Reactive oxygen species), a family of chemical that are oxidized version of molecular oxygen, including hydrogen peroxide, superoxide and hydroxyl radicals		Abstract(s) in PubMed
contig_178	1722	3413	-	pilQ	73.25	98.64	(pilQ) type IV pilus secretin protein PilQ  [Type IV pili (VF0075) - Adherence (VFC0001)] [Neisseria meningitidis MC58]	VF0075	Type IV pili		Neisseria meningitidis	VFC0001	Adherence	One or two different loci are used for the expression of the major pilin encoding gene (pilE), whereas various silent genes (pilS) are spread throughout the chromosome. Recombination between pilS and pilE copies leads to changes in the pilin coding sequence and subsequently to the expression of antigenically different pili. Mutations affecting the length of the homopolymeric G-run located in the region encoding the SP of PilC results in on/off changes in piliation	Pilin is synthesized as a precursor protein, processing by the PilD prepilin peptidase/transmethylase. Mature pilin subunit with an alpha-methylated phenylalanine residue at its N terminus (N-met-Phe). The pilin monomer contains a C-terminal globular head region and an N-terminal hydrophobic tail that folds into an unusually long alpha-helix. Pilin subunits polymerize into a right-handed helical cylinder. The hydrophobic pilin tails pack into the cylinder core while the globular pilin heads face outward, forming the surface of the cylinder; PilT, a cytoplasmic or inner membrane-localized ATPase mediates pilus disassembly from fiber base, causing retraction; PilC acts as an inhibitor of PilT-mediated fiber disassembly	Necessary for initial attachment, twitching motility and competence for natural transformation and autoagglutination	The membrane co-factor protein (MCP or CD46) has been proposed as a cellular receptor for pilus of both pathogenic Neisseria. CD46 is a transmembrane C3b/C4b-binding glycoprotein which functions to control the activation state and deposition of complement, and thereby protects host cells from damage caused by the human complement system	Abstract(s) in PubMed
contig_179	1	927	+	hpuA	85.85	90.24	(hpuA) haemoglobin-haptoglobin-utilization protein [HpuAB (VF0049) - Nutritional/Metabolic factor (VFC0272)] [Neisseria meningitidis Z2491]	VF0049	HpuAB		Neisseria meningitidis	VFC0272	Nutritional/Metabolic factor	Expression of HpuAB undergoes phase variation due to slip-strand mispairing of poly(G) tracts within the hpuA gene	HpuA is a lipoprotein anchored to the outer membrane via its lipid moiety. HpuB is a transmembrane protein and is predicted to be a beta-barrel structure forming a pore in the outer membrane	Haptoglobin-hemoglobin receptor, optimal binding and heme utilization require both proteins. Transport of heme iron by HpuAB requires the TonB system		Abstract(s) in PubMed
contig_179	968	3400	+	hpuB	100.0	99.71	(hpuB) haemoglobin-haptoglobin-utilization protein [HpuAB (VF0049) - Nutritional/Metabolic factor (VFC0272)] [Neisseria meningitidis Z2491]	VF0049	HpuAB		Neisseria meningitidis	VFC0272	Nutritional/Metabolic factor	Expression of HpuAB undergoes phase variation due to slip-strand mispairing of poly(G) tracts within the hpuA gene	HpuA is a lipoprotein anchored to the outer membrane via its lipid moiety. HpuB is a transmembrane protein and is predicted to be a beta-barrel structure forming a pore in the outer membrane	Haptoglobin-hemoglobin receptor, optimal binding and heme utilization require both proteins. Transport of heme iron by HpuAB requires the TonB system		Abstract(s) in PubMed
contig_180	59	973	-	mntC	100.0	98.03	(mntC) periplasmic binding protein MntC [MntABC (VF0455) - Stress survival (VFC0282)] [Neisseria meningitidis MC58]	VF0455	MntABC	Manganese transport system	Neisseria meningitidis	VFC0282	Stress survival	An ATP binding cassette (ABC) permease containing a periplasmic metal binding receptor protein (MBR), MntC		Quenches ROS that is independent of superoxide dismutase and catalase		Abstract(s) in PubMed
contig_180	1050	1925	-	mntB	100.0	97.49	(mntB) Manganese transport system membrane protein MntB [MntABC (VF0455) - Stress survival (VFC0282)] [Neisseria meningitidis MC58]	VF0455	MntABC	Manganese transport system	Neisseria meningitidis	VFC0282	Stress survival	An ATP binding cassette (ABC) permease containing a periplasmic metal binding receptor protein (MBR), MntC		Quenches ROS that is independent of superoxide dismutase and catalase		Abstract(s) in PubMed
contig_180	1961	2686	-	mntA	100.0	94.77	(mntA) ABC transporter ATP-binding protein MntA [MntABC (VF0455) - Stress survival (VFC0282)] [Neisseria meningitidis MC58]	VF0455	MntABC	Manganese transport system	Neisseria meningitidis	VFC0282	Stress survival	An ATP binding cassette (ABC) permease containing a periplasmic metal binding receptor protein (MBR), MntC		Quenches ROS that is independent of superoxide dismutase and catalase		Abstract(s) in PubMed
contig_191	601	1146	-	pilP	100.0	99.63	(pilP) type IV pilus biogenesis protein PilP [Type IV pili (VF0075) - Adherence (VFC0001)] [Neisseria meningitidis MC58]	VF0075	Type IV pili		Neisseria meningitidis	VFC0001	Adherence	One or two different loci are used for the expression of the major pilin encoding gene (pilE), whereas various silent genes (pilS) are spread throughout the chromosome. Recombination between pilS and pilE copies leads to changes in the pilin coding sequence and subsequently to the expression of antigenically different pili. Mutations affecting the length of the homopolymeric G-run located in the region encoding the SP of PilC results in on/off changes in piliation	Pilin is synthesized as a precursor protein, processing by the PilD prepilin peptidase/transmethylase. Mature pilin subunit with an alpha-methylated phenylalanine residue at its N terminus (N-met-Phe). The pilin monomer contains a C-terminal globular head region and an N-terminal hydrophobic tail that folds into an unusually long alpha-helix. Pilin subunits polymerize into a right-handed helical cylinder. The hydrophobic pilin tails pack into the cylinder core while the globular pilin heads face outward, forming the surface of the cylinder; PilT, a cytoplasmic or inner membrane-localized ATPase mediates pilus disassembly from fiber base, causing retraction; PilC acts as an inhibitor of PilT-mediated fiber disassembly	Necessary for initial attachment, twitching motility and competence for natural transformation and autoagglutination	The membrane co-factor protein (MCP or CD46) has been proposed as a cellular receptor for pilus of both pathogenic Neisseria. CD46 is a transmembrane C3b/C4b-binding glycoprotein which functions to control the activation state and deposition of complement, and thereby protects host cells from damage caused by the human complement system	Abstract(s) in PubMed
contig_191	1164	1811	-	pilO	100.0	99.54	(pilO) type IV pilus inner membrane platform protein PilO [Type IV pili (VF0075) - Adherence (VFC0001)] [Neisseria meningitidis MC58]	VF0075	Type IV pili		Neisseria meningitidis	VFC0001	Adherence	One or two different loci are used for the expression of the major pilin encoding gene (pilE), whereas various silent genes (pilS) are spread throughout the chromosome. Recombination between pilS and pilE copies leads to changes in the pilin coding sequence and subsequently to the expression of antigenically different pili. Mutations affecting the length of the homopolymeric G-run located in the region encoding the SP of PilC results in on/off changes in piliation	Pilin is synthesized as a precursor protein, processing by the PilD prepilin peptidase/transmethylase. Mature pilin subunit with an alpha-methylated phenylalanine residue at its N terminus (N-met-Phe). The pilin monomer contains a C-terminal globular head region and an N-terminal hydrophobic tail that folds into an unusually long alpha-helix. Pilin subunits polymerize into a right-handed helical cylinder. The hydrophobic pilin tails pack into the cylinder core while the globular pilin heads face outward, forming the surface of the cylinder; PilT, a cytoplasmic or inner membrane-localized ATPase mediates pilus disassembly from fiber base, causing retraction; PilC acts as an inhibitor of PilT-mediated fiber disassembly	Necessary for initial attachment, twitching motility and competence for natural transformation and autoagglutination	The membrane co-factor protein (MCP or CD46) has been proposed as a cellular receptor for pilus of both pathogenic Neisseria. CD46 is a transmembrane C3b/C4b-binding glycoprotein which functions to control the activation state and deposition of complement, and thereby protects host cells from damage caused by the human complement system	Abstract(s) in PubMed
contig_191	1812	2411	-	pilN	100.0	100.0	(pilN) type IV pilus inner membrane platform protein PilN [Type IV pili (VF0075) - Adherence (VFC0001)] [Neisseria meningitidis MC58]	VF0075	Type IV pili		Neisseria meningitidis	VFC0001	Adherence	One or two different loci are used for the expression of the major pilin encoding gene (pilE), whereas various silent genes (pilS) are spread throughout the chromosome. Recombination between pilS and pilE copies leads to changes in the pilin coding sequence and subsequently to the expression of antigenically different pili. Mutations affecting the length of the homopolymeric G-run located in the region encoding the SP of PilC results in on/off changes in piliation	Pilin is synthesized as a precursor protein, processing by the PilD prepilin peptidase/transmethylase. Mature pilin subunit with an alpha-methylated phenylalanine residue at its N terminus (N-met-Phe). The pilin monomer contains a C-terminal globular head region and an N-terminal hydrophobic tail that folds into an unusually long alpha-helix. Pilin subunits polymerize into a right-handed helical cylinder. The hydrophobic pilin tails pack into the cylinder core while the globular pilin heads face outward, forming the surface of the cylinder; PilT, a cytoplasmic or inner membrane-localized ATPase mediates pilus disassembly from fiber base, causing retraction; PilC acts as an inhibitor of PilT-mediated fiber disassembly	Necessary for initial attachment, twitching motility and competence for natural transformation and autoagglutination	The membrane co-factor protein (MCP or CD46) has been proposed as a cellular receptor for pilus of both pathogenic Neisseria. CD46 is a transmembrane C3b/C4b-binding glycoprotein which functions to control the activation state and deposition of complement, and thereby protects host cells from damage caused by the human complement system	Abstract(s) in PubMed
contig_191	2414	3205	-	pilM	70.97	100.0	(pilM) type IV pilus inner membrane platform protein PilM [Type IV pili (VF0075) - Adherence (VFC0001)] [Neisseria meningitidis MC58]	VF0075	Type IV pili		Neisseria meningitidis	VFC0001	Adherence	One or two different loci are used for the expression of the major pilin encoding gene (pilE), whereas various silent genes (pilS) are spread throughout the chromosome. Recombination between pilS and pilE copies leads to changes in the pilin coding sequence and subsequently to the expression of antigenically different pili. Mutations affecting the length of the homopolymeric G-run located in the region encoding the SP of PilC results in on/off changes in piliation	Pilin is synthesized as a precursor protein, processing by the PilD prepilin peptidase/transmethylase. Mature pilin subunit with an alpha-methylated phenylalanine residue at its N terminus (N-met-Phe). The pilin monomer contains a C-terminal globular head region and an N-terminal hydrophobic tail that folds into an unusually long alpha-helix. Pilin subunits polymerize into a right-handed helical cylinder. The hydrophobic pilin tails pack into the cylinder core while the globular pilin heads face outward, forming the surface of the cylinder; PilT, a cytoplasmic or inner membrane-localized ATPase mediates pilus disassembly from fiber base, causing retraction; PilC acts as an inhibitor of PilT-mediated fiber disassembly	Necessary for initial attachment, twitching motility and competence for natural transformation and autoagglutination	The membrane co-factor protein (MCP or CD46) has been proposed as a cellular receptor for pilus of both pathogenic Neisseria. CD46 is a transmembrane C3b/C4b-binding glycoprotein which functions to control the activation state and deposition of complement, and thereby protects host cells from damage caused by the human complement system	Abstract(s) in PubMed
contig_20	6848	7671	-	fHbp	84.63	77.99	(fHbp) factor H binding protein  [FHbp (VF0452) - Immune modulation (VFC0258)] [Neisseria meningitidis MC58]	VF0452	FHbp		Neisseria meningitidis	VFC0258	Immune modulation		PDB code: 3KVD	Binds complment factor H to prevent complement-mediated killing		Abstract(s) in PubMed
contig_246	379	1860	-	htpB	89.33	68.78	(htpB) Hsp60 60K heat shock protein HtpB [Hsp60 (VF0159) - Adherence (VFC0001)] [Legionella pneumophila subsp. pneumophila str. Philadelphia 1]	VF0159	Hsp60		Legionella pneumophila	VFC0001	Adherence			Mediate a complement-independent attachment to mammalian and amoebal host cells	Specific receptors have not been identified	Abstract(s) in PubMed
contig_258	913	2481	-	msrA/B(pilB	100.0	99.17	(msrA/B(pilB)) trifunctional thioredoxin/methionine sulfoxide reductase A/B protein [MsrAB (VF0456) - Stress survival (VFC0282)] [Neisseria meningitidis MC58]	VF0456	MsrAB	Methionine sulphoxide reductase	Neisseria meningitidis	VFC0282	Stress survival	Methionine sulfoxide reductases (Msr) are enzymes that catalyze the reduction of free and protein-bound methionine sulfoxide (MetSO) back to Met. Two structurally unrelated classes of Msrs have been described so far. MsrAs are stereo specific toward the S isomer on the sulfur of the sulfoxide function, whereas MsrBs are specific toward the R isomer		Repairs oxidized proteins		Abstract(s) in PubMed
contig_265	1687	2330	-	siaD/synD	99.84	100.0	(siaD/synD) polysialic acid capsule biosynthesis protein SiaD; disrupted by foreign ermC cassette [Capsule (VF0079) - Immune modulation (VFC0258)] [Neisseria meningitidis MC58]	VF0079	Capsule		Neisseria meningitidis	VFC0258	Immune modulation	The meningococcal capsule-synthesis (cps) gene cluster consists of five regions:; region A harbors the polysaccharide synthesis operon (sia, syn genes); region B contains lip genes responsible for lipid modification; region C harbors ctr genes necessary for polysaccharide transport; region D is involved in lipopolysaccharide synthesis; region D' is a truncated duplication of the region D; region E contains the tex gene homologue; on-off switching of expression via a poly-cytidine tract within siaD		Mediate resistance to both phagocytosis and complement-mediated killing; Opa- and Opc-mediated invasion into host cells is also blocked by the expression of a capsule		Abstract(s) in PubMed
contig_282	1	704	-	siaA/synA	62.08	99.72	(siaA/synA) polysialic acid capsule biosynthesis protein SynX [Capsule (VF0079) - Immune modulation (VFC0258)] [Neisseria meningitidis MC58]	VF0079	Capsule		Neisseria meningitidis	VFC0258	Immune modulation	The meningococcal capsule-synthesis (cps) gene cluster consists of five regions:; region A harbors the polysaccharide synthesis operon (sia, syn genes); region B contains lip genes responsible for lipid modification; region C harbors ctr genes necessary for polysaccharide transport; region D is involved in lipopolysaccharide synthesis; region D' is a truncated duplication of the region D; region E contains the tex gene homologue; on-off switching of expression via a poly-cytidine tract within siaD		Mediate resistance to both phagocytosis and complement-mediated killing; Opa- and Opc-mediated invasion into host cells is also blocked by the expression of a capsule		Abstract(s) in PubMed
contig_282	839	2014	+	ctrA	100.0	99.92	(ctrA) capsule polysaccharide export outer membrane protein CtrA [Capsule (VF0079) - Immune modulation (VFC0258)] [Neisseria meningitidis MC58]	VF0079	Capsule		Neisseria meningitidis	VFC0258	Immune modulation	The meningococcal capsule-synthesis (cps) gene cluster consists of five regions:; region A harbors the polysaccharide synthesis operon (sia, syn genes); region B contains lip genes responsible for lipid modification; region C harbors ctr genes necessary for polysaccharide transport; region D is involved in lipopolysaccharide synthesis; region D' is a truncated duplication of the region D; region E contains the tex gene homologue; on-off switching of expression via a poly-cytidine tract within siaD		Mediate resistance to both phagocytosis and complement-mediated killing; Opa- and Opc-mediated invasion into host cells is also blocked by the expression of a capsule		Abstract(s) in PubMed
contig_284	320	1162	-	lgtE	100.0	95.49	(lgtE) glycosyltransferase family 25 protein [LOS (VF0078) - Immune modulation (VFC0258)] [Neisseria meningitidis MC58]	VF0078	LOS	Lipooligosaccharide	Neisseria meningitidis	VFC0258	Immune modulation	Biosynthesis pathway of LOS is producing a branched oligosaccharide attached to a lipid A via two 3-deoxy-D-manno-2-octulosonic acid (KDO) molecules. The rfaC gene product adds the first heptose (Hep I) to KDO. The rfaF gene product adds the second Hep onto Hep I and is required for alpha-chain elongation. The lgtF gene product adds the first Glc of the alpha-chain. Genes lgtA, lgtB, lgtE are responsible for the synthesis of different alpha chains. lgtG is required for addition of the fist Glc of the beta chain; lgtA, lgtC, lgtG are subject to phase variation of expression mediated by homopolymeric tracts within their coding regions		Involved in immune system evasion, attachment to epithelial tissue, important mediator of the proinflammatory response; LOS sialylation (by the enzyme Lst) prevents complement deposition and phagocytosis by neutrophils; LOS modification by phosphoethanolamine (by the enzyme LptA) provides resistance to antimicrobial peptides and complement	Binds to asialoglycoprotein receptors on the host cell surface	Abstract(s) in PubMed
contig_284	1311	2138	-	lgtB	100.0	97.7	(lgtB) glycosyltransferase family 25 protein [LOS (VF0078) - Immune modulation (VFC0258)] [Neisseria meningitidis MC58]	VF0078	LOS	Lipooligosaccharide	Neisseria meningitidis	VFC0258	Immune modulation	Biosynthesis pathway of LOS is producing a branched oligosaccharide attached to a lipid A via two 3-deoxy-D-manno-2-octulosonic acid (KDO) molecules. The rfaC gene product adds the first heptose (Hep I) to KDO. The rfaF gene product adds the second Hep onto Hep I and is required for alpha-chain elongation. The lgtF gene product adds the first Glc of the alpha-chain. Genes lgtA, lgtB, lgtE are responsible for the synthesis of different alpha chains. lgtG is required for addition of the fist Glc of the beta chain; lgtA, lgtC, lgtG are subject to phase variation of expression mediated by homopolymeric tracts within their coding regions		Involved in immune system evasion, attachment to epithelial tissue, important mediator of the proinflammatory response; LOS sialylation (by the enzyme Lst) prevents complement deposition and phagocytosis by neutrophils; LOS modification by phosphoethanolamine (by the enzyme LptA) provides resistance to antimicrobial peptides and complement	Binds to asialoglycoprotein receptors on the host cell surface	Abstract(s) in PubMed
contig_3	1275	2036	-	pilW	100.0	99.08	(pilW) type IV fimbrial biogenesis and twitching motility protein PilW [Type IV pili (VF0075) - Adherence (VFC0001)] [Neisseria meningitidis MC58]	VF0075	Type IV pili		Neisseria meningitidis	VFC0001	Adherence	One or two different loci are used for the expression of the major pilin encoding gene (pilE), whereas various silent genes (pilS) are spread throughout the chromosome. Recombination between pilS and pilE copies leads to changes in the pilin coding sequence and subsequently to the expression of antigenically different pili. Mutations affecting the length of the homopolymeric G-run located in the region encoding the SP of PilC results in on/off changes in piliation	Pilin is synthesized as a precursor protein, processing by the PilD prepilin peptidase/transmethylase. Mature pilin subunit with an alpha-methylated phenylalanine residue at its N terminus (N-met-Phe). The pilin monomer contains a C-terminal globular head region and an N-terminal hydrophobic tail that folds into an unusually long alpha-helix. Pilin subunits polymerize into a right-handed helical cylinder. The hydrophobic pilin tails pack into the cylinder core while the globular pilin heads face outward, forming the surface of the cylinder; PilT, a cytoplasmic or inner membrane-localized ATPase mediates pilus disassembly from fiber base, causing retraction; PilC acts as an inhibitor of PilT-mediated fiber disassembly	Necessary for initial attachment, twitching motility and competence for natural transformation and autoagglutination	The membrane co-factor protein (MCP or CD46) has been proposed as a cellular receptor for pilus of both pathogenic Neisseria. CD46 is a transmembrane C3b/C4b-binding glycoprotein which functions to control the activation state and deposition of complement, and thereby protects host cells from damage caused by the human complement system	Abstract(s) in PubMed
contig_309	1	642	+	pilH	94.17	94.42	(pilH) pilin-like protein may involving in pseudopilus formation [Type IV pili (VF0075) - Adherence (VFC0001)] [Neisseria meningitidis MC58]	VF0075	Type IV pili		Neisseria meningitidis	VFC0001	Adherence	One or two different loci are used for the expression of the major pilin encoding gene (pilE), whereas various silent genes (pilS) are spread throughout the chromosome. Recombination between pilS and pilE copies leads to changes in the pilin coding sequence and subsequently to the expression of antigenically different pili. Mutations affecting the length of the homopolymeric G-run located in the region encoding the SP of PilC results in on/off changes in piliation	Pilin is synthesized as a precursor protein, processing by the PilD prepilin peptidase/transmethylase. Mature pilin subunit with an alpha-methylated phenylalanine residue at its N terminus (N-met-Phe). The pilin monomer contains a C-terminal globular head region and an N-terminal hydrophobic tail that folds into an unusually long alpha-helix. Pilin subunits polymerize into a right-handed helical cylinder. The hydrophobic pilin tails pack into the cylinder core while the globular pilin heads face outward, forming the surface of the cylinder; PilT, a cytoplasmic or inner membrane-localized ATPase mediates pilus disassembly from fiber base, causing retraction; PilC acts as an inhibitor of PilT-mediated fiber disassembly	Necessary for initial attachment, twitching motility and competence for natural transformation and autoagglutination	The membrane co-factor protein (MCP or CD46) has been proposed as a cellular receptor for pilus of both pathogenic Neisseria. CD46 is a transmembrane C3b/C4b-binding glycoprotein which functions to control the activation state and deposition of complement, and thereby protects host cells from damage caused by the human complement system	Abstract(s) in PubMed
contig_309	666	1277	+	pilI	100.0	94.12	(pilI) pilin-like protein may involving in pseudopilus formation [Type IV pili (VF0075) - Adherence (VFC0001)] [Neisseria meningitidis MC58]	VF0075	Type IV pili		Neisseria meningitidis	VFC0001	Adherence	One or two different loci are used for the expression of the major pilin encoding gene (pilE), whereas various silent genes (pilS) are spread throughout the chromosome. Recombination between pilS and pilE copies leads to changes in the pilin coding sequence and subsequently to the expression of antigenically different pili. Mutations affecting the length of the homopolymeric G-run located in the region encoding the SP of PilC results in on/off changes in piliation	Pilin is synthesized as a precursor protein, processing by the PilD prepilin peptidase/transmethylase. Mature pilin subunit with an alpha-methylated phenylalanine residue at its N terminus (N-met-Phe). The pilin monomer contains a C-terminal globular head region and an N-terminal hydrophobic tail that folds into an unusually long alpha-helix. Pilin subunits polymerize into a right-handed helical cylinder. The hydrophobic pilin tails pack into the cylinder core while the globular pilin heads face outward, forming the surface of the cylinder; PilT, a cytoplasmic or inner membrane-localized ATPase mediates pilus disassembly from fiber base, causing retraction; PilC acts as an inhibitor of PilT-mediated fiber disassembly	Necessary for initial attachment, twitching motility and competence for natural transformation and autoagglutination	The membrane co-factor protein (MCP or CD46) has been proposed as a cellular receptor for pilus of both pathogenic Neisseria. CD46 is a transmembrane C3b/C4b-binding glycoprotein which functions to control the activation state and deposition of complement, and thereby protects host cells from damage caused by the human complement system	Abstract(s) in PubMed
contig_309	1672	2215	+	pilJ	57.75	87.75	(pilJ) pilin-like protein may involving in pseudopilus formation [Type IV pili (VF0075) - Adherence (VFC0001)] [Neisseria meningitidis MC58]	VF0075	Type IV pili		Neisseria meningitidis	VFC0001	Adherence	One or two different loci are used for the expression of the major pilin encoding gene (pilE), whereas various silent genes (pilS) are spread throughout the chromosome. Recombination between pilS and pilE copies leads to changes in the pilin coding sequence and subsequently to the expression of antigenically different pili. Mutations affecting the length of the homopolymeric G-run located in the region encoding the SP of PilC results in on/off changes in piliation	Pilin is synthesized as a precursor protein, processing by the PilD prepilin peptidase/transmethylase. Mature pilin subunit with an alpha-methylated phenylalanine residue at its N terminus (N-met-Phe). The pilin monomer contains a C-terminal globular head region and an N-terminal hydrophobic tail that folds into an unusually long alpha-helix. Pilin subunits polymerize into a right-handed helical cylinder. The hydrophobic pilin tails pack into the cylinder core while the globular pilin heads face outward, forming the surface of the cylinder; PilT, a cytoplasmic or inner membrane-localized ATPase mediates pilus disassembly from fiber base, causing retraction; PilC acts as an inhibitor of PilT-mediated fiber disassembly	Necessary for initial attachment, twitching motility and competence for natural transformation and autoagglutination	The membrane co-factor protein (MCP or CD46) has been proposed as a cellular receptor for pilus of both pathogenic Neisseria. CD46 is a transmembrane C3b/C4b-binding glycoprotein which functions to control the activation state and deposition of complement, and thereby protects host cells from damage caused by the human complement system	Abstract(s) in PubMed
contig_311	1447	2212	-	rfaC	79.05	99.61	(rfaC) lipopolysaccharide heptosyltransferase I [LOS (VF0078) - Immune modulation (VFC0258)] [Neisseria meningitidis MC58]	VF0078	LOS	Lipooligosaccharide	Neisseria meningitidis	VFC0258	Immune modulation	Biosynthesis pathway of LOS is producing a branched oligosaccharide attached to a lipid A via two 3-deoxy-D-manno-2-octulosonic acid (KDO) molecules. The rfaC gene product adds the first heptose (Hep I) to KDO. The rfaF gene product adds the second Hep onto Hep I and is required for alpha-chain elongation. The lgtF gene product adds the first Glc of the alpha-chain. Genes lgtA, lgtB, lgtE are responsible for the synthesis of different alpha chains. lgtG is required for addition of the fist Glc of the beta chain; lgtA, lgtC, lgtG are subject to phase variation of expression mediated by homopolymeric tracts within their coding regions		Involved in immune system evasion, attachment to epithelial tissue, important mediator of the proinflammatory response; LOS sialylation (by the enzyme Lst) prevents complement deposition and phagocytosis by neutrophils; LOS modification by phosphoethanolamine (by the enzyme LptA) provides resistance to antimicrobial peptides and complement	Binds to asialoglycoprotein receptors on the host cell surface	Abstract(s) in PubMed
contig_325	740	1972	+	pilG	100.0	100.0	(pilG) pilus assembly protein PilG [Type IV pili (VF0075) - Adherence (VFC0001)] [Neisseria meningitidis MC58]	VF0075	Type IV pili		Neisseria meningitidis	VFC0001	Adherence	One or two different loci are used for the expression of the major pilin encoding gene (pilE), whereas various silent genes (pilS) are spread throughout the chromosome. Recombination between pilS and pilE copies leads to changes in the pilin coding sequence and subsequently to the expression of antigenically different pili. Mutations affecting the length of the homopolymeric G-run located in the region encoding the SP of PilC results in on/off changes in piliation	Pilin is synthesized as a precursor protein, processing by the PilD prepilin peptidase/transmethylase. Mature pilin subunit with an alpha-methylated phenylalanine residue at its N terminus (N-met-Phe). The pilin monomer contains a C-terminal globular head region and an N-terminal hydrophobic tail that folds into an unusually long alpha-helix. Pilin subunits polymerize into a right-handed helical cylinder. The hydrophobic pilin tails pack into the cylinder core while the globular pilin heads face outward, forming the surface of the cylinder; PilT, a cytoplasmic or inner membrane-localized ATPase mediates pilus disassembly from fiber base, causing retraction; PilC acts as an inhibitor of PilT-mediated fiber disassembly	Necessary for initial attachment, twitching motility and competence for natural transformation and autoagglutination	The membrane co-factor protein (MCP or CD46) has been proposed as a cellular receptor for pilus of both pathogenic Neisseria. CD46 is a transmembrane C3b/C4b-binding glycoprotein which functions to control the activation state and deposition of complement, and thereby protects host cells from damage caused by the human complement system	Abstract(s) in PubMed
contig_330	1529	1972	-	luxS	85.36	74.16	(luxS) S-ribosylhomocysteinase [AI-2 (VF0406) - Biofilm (VFC0271)] [Vibrio cholerae O1 biovar El Tor str. N16961]	VF0406	AI-2	Autoinducer-2	Vibrio cholerae	VFC0271	Biofilm	AI-2 is produced and detected by a wide variety of bacteria and is presumed to facilitate interspecies communications.	Furanosyl borate diester (2S,4S)-2-methyl-2,3,3,4-tetrahydroxytetrahydrofuran borate	LuxPQ receptor complex responds to the AI-2 molecule. Information from AI-2 is transduced through the LuxO protein to control the levels of the master transcription factor HapR. At low cell density, in the absence of autoinducers, HapR is not produced, so virulence factors are expressed and biofilms are formed. At high cell density, in the presence of autoinducers, LuxO is inactivated, HapR is produced, and it represses genes for virulence factor production and biofilm formation. These events are proposed to allow V. cholerae to leave the host, re-enter the environment in large numbers and initiate a new cycle of infection.		Abstract(s) in PubMed
contig_331	81	524	+	luxS	85.36	73.93	(luxS) S-ribosylhomocysteinase [AI-2 (VF0406) - Biofilm (VFC0271)] [Vibrio cholerae O1 biovar El Tor str. N16961]	VF0406	AI-2	Autoinducer-2	Vibrio cholerae	VFC0271	Biofilm	AI-2 is produced and detected by a wide variety of bacteria and is presumed to facilitate interspecies communications.	Furanosyl borate diester (2S,4S)-2-methyl-2,3,3,4-tetrahydroxytetrahydrofuran borate	LuxPQ receptor complex responds to the AI-2 molecule. Information from AI-2 is transduced through the LuxO protein to control the levels of the master transcription factor HapR. At low cell density, in the absence of autoinducers, HapR is not produced, so virulence factors are expressed and biofilms are formed. At high cell density, in the presence of autoinducers, LuxO is inactivated, HapR is produced, and it represses genes for virulence factor production and biofilm formation. These events are proposed to allow V. cholerae to leave the host, re-enter the environment in large numbers and initiate a new cycle of infection.		Abstract(s) in PubMed
contig_342	1422	2002	+	ctrD	89.25	96.04	(ctrD) capsule polysaccharide export ATP-binding protein CtrD [Capsule (VF0079) - Immune modulation (VFC0258)] [Neisseria meningitidis MC58]	VF0079	Capsule		Neisseria meningitidis	VFC0258	Immune modulation	The meningococcal capsule-synthesis (cps) gene cluster consists of five regions:; region A harbors the polysaccharide synthesis operon (sia, syn genes); region B contains lip genes responsible for lipid modification; region C harbors ctr genes necessary for polysaccharide transport; region D is involved in lipopolysaccharide synthesis; region D' is a truncated duplication of the region D; region E contains the tex gene homologue; on-off switching of expression via a poly-cytidine tract within siaD		Mediate resistance to both phagocytosis and complement-mediated killing; Opa- and Opc-mediated invasion into host cells is also blocked by the expression of a capsule		Abstract(s) in PubMed
contig_356	1	1950	-	mtrD	60.86	99.59	(mtrD) multiple transferable resistance system protein MtrD [MtrCDE (VF0451) - Antimicrobial activity/Competitive advantage (VFC0325)] [Neisseria meningitidis MC58]	VF0451	MtrCDE	Multiple transferable resistance system	Neisseria meningitidis	VFC0325	Antimicrobial activity/Competitive advantage	Resistance/nodulation/division (RND)-type efflux pump; regulated by two transcriptional regulators: a repressor MtrR and an activator MtrA		A tripartite multidrug efflux pump essential for resistance to beta-lactams (penicillin G and nafcillin), macrolides (erythromycin) and host-derived compounds (peptide LL-37) and progesterone, and essential for growth of gonococci in the lower genital tract of experimentally infected female mice		Abstract(s) in PubMed
contig_36	2387	3913	-	farB	100.0	96.59	(farB) fatty acid efflux system protein FarB [FarAB (VF0450) - Antimicrobial activity/Competitive advantage (VFC0325)] [Neisseria meningitidis MC58]	VF0450	FarAB	Fatty acid resistance system	Neisseria meningitidis	VFC0325	Antimicrobial activity/Competitive advantage	The far efflux system is composed of the FarA membrane fusion protein, the FarB cytoplasmic membrane transporter protein, and the MtrE protein as the outer membrane channel to export antibacterial fatty acids from inside the cell; belongs to Major Facilitator Superfamily (MFS) of efflux pumps and uses the proton motive force as an energy source for export of toxic agents		Mediates the resistance to antimicrobial long-chain fatty acids		Abstract(s) in PubMed
contig_36	3937	5091	-	farA	100.0	99.13	(farA) fatty acid efflux system protein FarA [FarAB (VF0450) - Antimicrobial activity/Competitive advantage (VFC0325)] [Neisseria meningitidis MC58]	VF0450	FarAB	Fatty acid resistance system	Neisseria meningitidis	VFC0325	Antimicrobial activity/Competitive advantage	The far efflux system is composed of the FarA membrane fusion protein, the FarB cytoplasmic membrane transporter protein, and the MtrE protein as the outer membrane channel to export antibacterial fatty acids from inside the cell; belongs to Major Facilitator Superfamily (MFS) of efflux pumps and uses the proton motive force as an energy source for export of toxic agents		Mediates the resistance to antimicrobial long-chain fatty acids		Abstract(s) in PubMed
contig_370	1	631	+	pilH	93.87	92.43	(pilH) pilin-like protein may involving in pseudopilus formation [Type IV pili (VF0075) - Adherence (VFC0001)] [Neisseria meningitidis MC58]	VF0075	Type IV pili		Neisseria meningitidis	VFC0001	Adherence	One or two different loci are used for the expression of the major pilin encoding gene (pilE), whereas various silent genes (pilS) are spread throughout the chromosome. Recombination between pilS and pilE copies leads to changes in the pilin coding sequence and subsequently to the expression of antigenically different pili. Mutations affecting the length of the homopolymeric G-run located in the region encoding the SP of PilC results in on/off changes in piliation	Pilin is synthesized as a precursor protein, processing by the PilD prepilin peptidase/transmethylase. Mature pilin subunit with an alpha-methylated phenylalanine residue at its N terminus (N-met-Phe). The pilin monomer contains a C-terminal globular head region and an N-terminal hydrophobic tail that folds into an unusually long alpha-helix. Pilin subunits polymerize into a right-handed helical cylinder. The hydrophobic pilin tails pack into the cylinder core while the globular pilin heads face outward, forming the surface of the cylinder; PilT, a cytoplasmic or inner membrane-localized ATPase mediates pilus disassembly from fiber base, causing retraction; PilC acts as an inhibitor of PilT-mediated fiber disassembly	Necessary for initial attachment, twitching motility and competence for natural transformation and autoagglutination	The membrane co-factor protein (MCP or CD46) has been proposed as a cellular receptor for pilus of both pathogenic Neisseria. CD46 is a transmembrane C3b/C4b-binding glycoprotein which functions to control the activation state and deposition of complement, and thereby protects host cells from damage caused by the human complement system	Abstract(s) in PubMed
contig_370	663	1271	+	pilI	100.0	97.54	(pilI) pilin-like protein may involving in pseudopilus formation [Type IV pili (VF0075) - Adherence (VFC0001)] [Neisseria meningitidis MC58]	VF0075	Type IV pili		Neisseria meningitidis	VFC0001	Adherence	One or two different loci are used for the expression of the major pilin encoding gene (pilE), whereas various silent genes (pilS) are spread throughout the chromosome. Recombination between pilS and pilE copies leads to changes in the pilin coding sequence and subsequently to the expression of antigenically different pili. Mutations affecting the length of the homopolymeric G-run located in the region encoding the SP of PilC results in on/off changes in piliation	Pilin is synthesized as a precursor protein, processing by the PilD prepilin peptidase/transmethylase. Mature pilin subunit with an alpha-methylated phenylalanine residue at its N terminus (N-met-Phe). The pilin monomer contains a C-terminal globular head region and an N-terminal hydrophobic tail that folds into an unusually long alpha-helix. Pilin subunits polymerize into a right-handed helical cylinder. The hydrophobic pilin tails pack into the cylinder core while the globular pilin heads face outward, forming the surface of the cylinder; PilT, a cytoplasmic or inner membrane-localized ATPase mediates pilus disassembly from fiber base, causing retraction; PilC acts as an inhibitor of PilT-mediated fiber disassembly	Necessary for initial attachment, twitching motility and competence for natural transformation and autoagglutination	The membrane co-factor protein (MCP or CD46) has been proposed as a cellular receptor for pilus of both pathogenic Neisseria. CD46 is a transmembrane C3b/C4b-binding glycoprotein which functions to control the activation state and deposition of complement, and thereby protects host cells from damage caused by the human complement system	Abstract(s) in PubMed
contig_378	273	1436	-	porA	97.96	94.53	(porA) porin PorA [Porin (VF0081) - Invasion (VFC0083)] [Neisseria meningitidis MC58]	VF0081	Porin		Neisseria meningitidis	VFC0083	Invasion	N.meningitidis produces two porins, PorA and PorB, N.gonorrhoeae expresses only one porin, PorB		Translocate spontaneously as functional voltage-gated ion channels into plasma membranes of eukaryotic cells, causing a transient change in membrane potential and interference with cell signaling; effect the maturation of phagosomes by inhibiting the fusion of phagosomes and lysosomes; the gonococcal PorB1a porin was shown to promote bacterial invasiveness in an Opa- background	The binding to CD66 via Opa induces uptake into a phagosome and, on the other hand, induces an oxidative reaction. The activation of membrane-associated NADPH oxidase leads to production of superoxide anions (O2-), which in the presence of superoxide dismutase are converted into H2O2. The fusion of lysosomal vesicles with the plasma and phagosomal membranes causes a release of myeloperoxidase (MPO), an enzyme that in the presence of H2O2 produces hypochlorite which exhibits a highly toxic potential toward pathogens. Porin prevents the vesicle fusion by insertion into the phagosomal membrane, so MPO discharges into the extracellular milieu, eventually depleting the entire secondary granula from the cell so that the bacteria can safely accommodate within the phagosome.	Abstract(s) in PubMed
contig_399	19	405	-	pilS	98.45	87.86	(pilS) pilin [Type IV pili (VF0075) - Adherence (VFC0001)] [Neisseria meningitidis MC58]	VF0075	Type IV pili		Neisseria meningitidis	VFC0001	Adherence	One or two different loci are used for the expression of the major pilin encoding gene (pilE), whereas various silent genes (pilS) are spread throughout the chromosome. Recombination between pilS and pilE copies leads to changes in the pilin coding sequence and subsequently to the expression of antigenically different pili. Mutations affecting the length of the homopolymeric G-run located in the region encoding the SP of PilC results in on/off changes in piliation	Pilin is synthesized as a precursor protein, processing by the PilD prepilin peptidase/transmethylase. Mature pilin subunit with an alpha-methylated phenylalanine residue at its N terminus (N-met-Phe). The pilin monomer contains a C-terminal globular head region and an N-terminal hydrophobic tail that folds into an unusually long alpha-helix. Pilin subunits polymerize into a right-handed helical cylinder. The hydrophobic pilin tails pack into the cylinder core while the globular pilin heads face outward, forming the surface of the cylinder; PilT, a cytoplasmic or inner membrane-localized ATPase mediates pilus disassembly from fiber base, causing retraction; PilC acts as an inhibitor of PilT-mediated fiber disassembly	Necessary for initial attachment, twitching motility and competence for natural transformation and autoagglutination	The membrane co-factor protein (MCP or CD46) has been proposed as a cellular receptor for pilus of both pathogenic Neisseria. CD46 is a transmembrane C3b/C4b-binding glycoprotein which functions to control the activation state and deposition of complement, and thereby protects host cells from damage caused by the human complement system	Abstract(s) in PubMed
contig_399	637	886	-	pilS	54.11	88.28	(pilS) pilin [Type IV pili (VF0075) - Adherence (VFC0001)] [Neisseria meningitidis MC58]	VF0075	Type IV pili		Neisseria meningitidis	VFC0001	Adherence	One or two different loci are used for the expression of the major pilin encoding gene (pilE), whereas various silent genes (pilS) are spread throughout the chromosome. Recombination between pilS and pilE copies leads to changes in the pilin coding sequence and subsequently to the expression of antigenically different pili. Mutations affecting the length of the homopolymeric G-run located in the region encoding the SP of PilC results in on/off changes in piliation	Pilin is synthesized as a precursor protein, processing by the PilD prepilin peptidase/transmethylase. Mature pilin subunit with an alpha-methylated phenylalanine residue at its N terminus (N-met-Phe). The pilin monomer contains a C-terminal globular head region and an N-terminal hydrophobic tail that folds into an unusually long alpha-helix. Pilin subunits polymerize into a right-handed helical cylinder. The hydrophobic pilin tails pack into the cylinder core while the globular pilin heads face outward, forming the surface of the cylinder; PilT, a cytoplasmic or inner membrane-localized ATPase mediates pilus disassembly from fiber base, causing retraction; PilC acts as an inhibitor of PilT-mediated fiber disassembly	Necessary for initial attachment, twitching motility and competence for natural transformation and autoagglutination	The membrane co-factor protein (MCP or CD46) has been proposed as a cellular receptor for pilus of both pathogenic Neisseria. CD46 is a transmembrane C3b/C4b-binding glycoprotein which functions to control the activation state and deposition of complement, and thereby protects host cells from damage caused by the human complement system	Abstract(s) in PubMed
contig_40	187	1860	-	recN	100.0	97.37	(recN) DNA repair protein RecN [RecN (VF0457) - Stress survival (VFC0282)] [Neisseria meningitidis MC58]	VF0457	RecN		Neisseria meningitidis	VFC0282	Stress survival			Recombinational repair protein that protects against ROS and non-oxidative killing by neutrophils		Abstract(s) in PubMed
contig_419	61	726	+	opa	97.63	88.86	(opa) outer membrane beta-barrel protein [Opa (VF0076) - Invasion (VFC0083)] [Neisseria meningitidis MC58]	VF0076	Opa	Opacity-associated	Neisseria meningitidis	VFC0083	Invasion	Opa proteins were originally identified because their expression changes the color and opacity of colonies. The effect may be due to an increased interbacterial aggregation that results from the lectin-like ability of Opa proteins to bind to LOS on adjacent bacteria; A single gonococcal strain can harbor up to 12 opa genes, meningococci usually encode 3 to 4 Opa proteins; all opa genes sequenced to date contain 5' tandem repeats [CTCTT]n that cause high-frequency phase variable expression; grouped into two major classes according to the binding specificity for human surface receptors: the OpaHS-type (heparansulphate proteoglycan (HSPG) and OpaCEA-type (carcinoembryonic antigen (CEA) or related molecules)	Eight membrane-spanning domains arranged as anti-parallel beta-strands to form membrane-embedded beta barrel with four extracellular loops, the central two loops termed as 'hypervariable domain 1'(HV-1) and 2(HV-2) are responsible for interactions with different receptors on human cells	The arrangement and number of positively charged amino acids in HV-1 of OpaHS recognize the glycosaminoglycan sidechains of HSPGs. This contact stimulate the activity of PC-PLC and ASM (acid sphinogomyelinase), which results in the generation of the second messengers diacylgycerol and ceramide, respectively; transmembrane syndecan-type HSPGs seem to connect to conventional PKCs regulating cytoskeletal rearrangements that lead to bacterial engulfment; OpaHS is also able to bind extracellular matrix (ECM) proteins (vitronectin and fibronectin) as bridging molecules to interact with integrins indirectly, inducing integrin-mediated uptake into epithelial cells; OpaCEA proteins mediates attachment to members of the CEA-related cell adhesion molecule (CEACAMs) family that harbor the CD66 epitope. Binding to CEACAMs on polymorphonuclear granulocytes results in opsonin-independent phagocytosis accompanied by activation of ASM, Scr-family kinases, Rac and serine/theronine kinases p21-activated kinase (PAK) and c-Jun amino-terminal kinase (JNK). Binding to CEACAMs on epithelial cells results in rearrangements of actin cytoskeleton and subsequent internalization. In polarized epithelia, this process takes place at the apical surface and can lead via transcytosis to the release of the bacteria at the basolateral side. In T cells, binding to OpaCEA inhibits T-cell proliferation and activation, presumably by recruiting the tyrosine phosphatase SHP-1 and SHP-2		Abstract(s) in PubMed
contig_424	449	1447	+	porB	99.9	94.6	(porB) major outer membrane protein PIB [Porin (VF0081) - Invasion (VFC0083)] [Neisseria meningitidis MC58]	VF0081	Porin		Neisseria meningitidis	VFC0083	Invasion	N.meningitidis produces two porins, PorA and PorB, N.gonorrhoeae expresses only one porin, PorB		Translocate spontaneously as functional voltage-gated ion channels into plasma membranes of eukaryotic cells, causing a transient change in membrane potential and interference with cell signaling; effect the maturation of phagosomes by inhibiting the fusion of phagosomes and lysosomes; the gonococcal PorB1a porin was shown to promote bacterial invasiveness in an Opa- background	The binding to CD66 via Opa induces uptake into a phagosome and, on the other hand, induces an oxidative reaction. The activation of membrane-associated NADPH oxidase leads to production of superoxide anions (O2-), which in the presence of superoxide dismutase are converted into H2O2. The fusion of lysosomal vesicles with the plasma and phagosomal membranes causes a release of myeloperoxidase (MPO), an enzyme that in the presence of H2O2 produces hypochlorite which exhibits a highly toxic potential toward pathogens. Porin prevents the vesicle fusion by insertion into the phagosomal membrane, so MPO discharges into the extracellular milieu, eventually depleting the entire secondary granula from the cell so that the bacteria can safely accommodate within the phagosome.	Abstract(s) in PubMed
contig_449	1	1592	-	tbpB	72.93	83.44	(tbpB) transferrin-binding protein B [Tbp (VF0046) - Nutritional/Metabolic factor (VFC0272)] [Neisseria meningitidis MC58]	VF0046	Tbp	Transferrin-binding protein	Neisseria meningitidis	VFC0272	Nutritional/Metabolic factor	The tbp locus is a bicistronic operon consisting of tbpA and tbpB. Unlike the case for many other genes of Neisseria, there is no phase variation of the transferrin receptor		TbpA is the TonB-dependent transferrin receptor and Fe transport channel, forms complex with TbpB. TbpB is the transferrin receptor accessory lipoprotein		Abstract(s) in PubMed
contig_459	175	1553	+	mtrE	98.22	97.97	(mtrE) multidrug efflux pump channel protein MtrE [MtrCDE (VF0451) - Antimicrobial activity/Competitive advantage (VFC0325)] [Neisseria meningitidis MC58]	VF0451	MtrCDE	Multiple transferable resistance system	Neisseria meningitidis	VFC0325	Antimicrobial activity/Competitive advantage	Resistance/nodulation/division (RND)-type efflux pump; regulated by two transcriptional regulators: a repressor MtrR and an activator MtrA		A tripartite multidrug efflux pump essential for resistance to beta-lactams (penicillin G and nafcillin), macrolides (erythromycin) and host-derived compounds (peptide LL-37) and progesterone, and essential for growth of gonococci in the lower genital tract of experimentally infected female mice		Abstract(s) in PubMed
contig_463	780	1533	-	opa	92.4	90.75	(opa) outer membrane beta-barrel protein [Opa (VF0076) - Invasion (VFC0083)] [Neisseria meningitidis MC58]	VF0076	Opa	Opacity-associated	Neisseria meningitidis	VFC0083	Invasion	Opa proteins were originally identified because their expression changes the color and opacity of colonies. The effect may be due to an increased interbacterial aggregation that results from the lectin-like ability of Opa proteins to bind to LOS on adjacent bacteria; A single gonococcal strain can harbor up to 12 opa genes, meningococci usually encode 3 to 4 Opa proteins; all opa genes sequenced to date contain 5' tandem repeats [CTCTT]n that cause high-frequency phase variable expression; grouped into two major classes according to the binding specificity for human surface receptors: the OpaHS-type (heparansulphate proteoglycan (HSPG) and OpaCEA-type (carcinoembryonic antigen (CEA) or related molecules)	Eight membrane-spanning domains arranged as anti-parallel beta-strands to form membrane-embedded beta barrel with four extracellular loops, the central two loops termed as 'hypervariable domain 1'(HV-1) and 2(HV-2) are responsible for interactions with different receptors on human cells	The arrangement and number of positively charged amino acids in HV-1 of OpaHS recognize the glycosaminoglycan sidechains of HSPGs. This contact stimulate the activity of PC-PLC and ASM (acid sphinogomyelinase), which results in the generation of the second messengers diacylgycerol and ceramide, respectively; transmembrane syndecan-type HSPGs seem to connect to conventional PKCs regulating cytoskeletal rearrangements that lead to bacterial engulfment; OpaHS is also able to bind extracellular matrix (ECM) proteins (vitronectin and fibronectin) as bridging molecules to interact with integrins indirectly, inducing integrin-mediated uptake into epithelial cells; OpaCEA proteins mediates attachment to members of the CEA-related cell adhesion molecule (CEACAMs) family that harbor the CD66 epitope. Binding to CEACAMs on polymorphonuclear granulocytes results in opsonin-independent phagocytosis accompanied by activation of ASM, Scr-family kinases, Rac and serine/theronine kinases p21-activated kinase (PAK) and c-Jun amino-terminal kinase (JNK). Binding to CEACAMs on epithelial cells results in rearrangements of actin cytoskeleton and subsequent internalization. In polarized epithelia, this process takes place at the apical surface and can lead via transcytosis to the release of the bacteria at the basolateral side. In T cells, binding to OpaCEA inhibits T-cell proliferation and activation, presumably by recruiting the tyrosine phosphatase SHP-1 and SHP-2		Abstract(s) in PubMed
contig_469	698	1525	-	mtrC	66.83	100.0	(mtrC) membrane fusion protein MtrC [MtrCDE (VF0451) - Antimicrobial activity/Competitive advantage (VFC0325)] [Neisseria meningitidis MC58]	VF0451	MtrCDE	Multiple transferable resistance system	Neisseria meningitidis	VFC0325	Antimicrobial activity/Competitive advantage	Resistance/nodulation/division (RND)-type efflux pump; regulated by two transcriptional regulators: a repressor MtrR and an activator MtrA		A tripartite multidrug efflux pump essential for resistance to beta-lactams (penicillin G and nafcillin), macrolides (erythromycin) and host-derived compounds (peptide LL-37) and progesterone, and essential for growth of gonococci in the lower genital tract of experimentally infected female mice		Abstract(s) in PubMed
contig_48	3677	4936	+	kdtA/waaA	99.06	95.83	(kdtA/waaA) lipid IV(A) 3-deoxy-D-manno-octulosonic acid transferase [LOS (VF0078) - Immune modulation (VFC0258)] [Neisseria meningitidis MC58]	VF0078	LOS	Lipooligosaccharide	Neisseria meningitidis	VFC0258	Immune modulation	Biosynthesis pathway of LOS is producing a branched oligosaccharide attached to a lipid A via two 3-deoxy-D-manno-2-octulosonic acid (KDO) molecules. The rfaC gene product adds the first heptose (Hep I) to KDO. The rfaF gene product adds the second Hep onto Hep I and is required for alpha-chain elongation. The lgtF gene product adds the first Glc of the alpha-chain. Genes lgtA, lgtB, lgtE are responsible for the synthesis of different alpha chains. lgtG is required for addition of the fist Glc of the beta chain; lgtA, lgtC, lgtG are subject to phase variation of expression mediated by homopolymeric tracts within their coding regions		Involved in immune system evasion, attachment to epithelial tissue, important mediator of the proinflammatory response; LOS sialylation (by the enzyme Lst) prevents complement deposition and phagocytosis by neutrophils; LOS modification by phosphoethanolamine (by the enzyme LptA) provides resistance to antimicrobial peptides and complement	Binds to asialoglycoprotein receptors on the host cell surface	Abstract(s) in PubMed
contig_487	931	1471	-	opa	64.34	90.09	(opa) outer membrane beta-barrel protein [Opa (VF0076) - Invasion (VFC0083)] [Neisseria meningitidis MC58]	VF0076	Opa	Opacity-associated	Neisseria meningitidis	VFC0083	Invasion	Opa proteins were originally identified because their expression changes the color and opacity of colonies. The effect may be due to an increased interbacterial aggregation that results from the lectin-like ability of Opa proteins to bind to LOS on adjacent bacteria; A single gonococcal strain can harbor up to 12 opa genes, meningococci usually encode 3 to 4 Opa proteins; all opa genes sequenced to date contain 5' tandem repeats [CTCTT]n that cause high-frequency phase variable expression; grouped into two major classes according to the binding specificity for human surface receptors: the OpaHS-type (heparansulphate proteoglycan (HSPG) and OpaCEA-type (carcinoembryonic antigen (CEA) or related molecules)	Eight membrane-spanning domains arranged as anti-parallel beta-strands to form membrane-embedded beta barrel with four extracellular loops, the central two loops termed as 'hypervariable domain 1'(HV-1) and 2(HV-2) are responsible for interactions with different receptors on human cells	The arrangement and number of positively charged amino acids in HV-1 of OpaHS recognize the glycosaminoglycan sidechains of HSPGs. This contact stimulate the activity of PC-PLC and ASM (acid sphinogomyelinase), which results in the generation of the second messengers diacylgycerol and ceramide, respectively; transmembrane syndecan-type HSPGs seem to connect to conventional PKCs regulating cytoskeletal rearrangements that lead to bacterial engulfment; OpaHS is also able to bind extracellular matrix (ECM) proteins (vitronectin and fibronectin) as bridging molecules to interact with integrins indirectly, inducing integrin-mediated uptake into epithelial cells; OpaCEA proteins mediates attachment to members of the CEA-related cell adhesion molecule (CEACAMs) family that harbor the CD66 epitope. Binding to CEACAMs on polymorphonuclear granulocytes results in opsonin-independent phagocytosis accompanied by activation of ASM, Scr-family kinases, Rac and serine/theronine kinases p21-activated kinase (PAK) and c-Jun amino-terminal kinase (JNK). Binding to CEACAMs on epithelial cells results in rearrangements of actin cytoskeleton and subsequent internalization. In polarized epithelia, this process takes place at the apical surface and can lead via transcytosis to the release of the bacteria at the basolateral side. In T cells, binding to OpaCEA inhibits T-cell proliferation and activation, presumably by recruiting the tyrosine phosphatase SHP-1 and SHP-2		Abstract(s) in PubMed
contig_489	707	1084	-	pilS	81.17	89.58	(pilS) pilin [Type IV pili (VF0075) - Adherence (VFC0001)] [Neisseria meningitidis MC58]	VF0075	Type IV pili		Neisseria meningitidis	VFC0001	Adherence	One or two different loci are used for the expression of the major pilin encoding gene (pilE), whereas various silent genes (pilS) are spread throughout the chromosome. Recombination between pilS and pilE copies leads to changes in the pilin coding sequence and subsequently to the expression of antigenically different pili. Mutations affecting the length of the homopolymeric G-run located in the region encoding the SP of PilC results in on/off changes in piliation	Pilin is synthesized as a precursor protein, processing by the PilD prepilin peptidase/transmethylase. Mature pilin subunit with an alpha-methylated phenylalanine residue at its N terminus (N-met-Phe). The pilin monomer contains a C-terminal globular head region and an N-terminal hydrophobic tail that folds into an unusually long alpha-helix. Pilin subunits polymerize into a right-handed helical cylinder. The hydrophobic pilin tails pack into the cylinder core while the globular pilin heads face outward, forming the surface of the cylinder; PilT, a cytoplasmic or inner membrane-localized ATPase mediates pilus disassembly from fiber base, causing retraction; PilC acts as an inhibitor of PilT-mediated fiber disassembly	Necessary for initial attachment, twitching motility and competence for natural transformation and autoagglutination	The membrane co-factor protein (MCP or CD46) has been proposed as a cellular receptor for pilus of both pathogenic Neisseria. CD46 is a transmembrane C3b/C4b-binding glycoprotein which functions to control the activation state and deposition of complement, and thereby protects host cells from damage caused by the human complement system	Abstract(s) in PubMed
contig_489	1125	1467	-	pilS	83.08	91.55	(pilS) pilin [Type IV pili (VF0075) - Adherence (VFC0001)] [Neisseria meningitidis MC58]	VF0075	Type IV pili		Neisseria meningitidis	VFC0001	Adherence	One or two different loci are used for the expression of the major pilin encoding gene (pilE), whereas various silent genes (pilS) are spread throughout the chromosome. Recombination between pilS and pilE copies leads to changes in the pilin coding sequence and subsequently to the expression of antigenically different pili. Mutations affecting the length of the homopolymeric G-run located in the region encoding the SP of PilC results in on/off changes in piliation	Pilin is synthesized as a precursor protein, processing by the PilD prepilin peptidase/transmethylase. Mature pilin subunit with an alpha-methylated phenylalanine residue at its N terminus (N-met-Phe). The pilin monomer contains a C-terminal globular head region and an N-terminal hydrophobic tail that folds into an unusually long alpha-helix. Pilin subunits polymerize into a right-handed helical cylinder. The hydrophobic pilin tails pack into the cylinder core while the globular pilin heads face outward, forming the surface of the cylinder; PilT, a cytoplasmic or inner membrane-localized ATPase mediates pilus disassembly from fiber base, causing retraction; PilC acts as an inhibitor of PilT-mediated fiber disassembly	Necessary for initial attachment, twitching motility and competence for natural transformation and autoagglutination	The membrane co-factor protein (MCP or CD46) has been proposed as a cellular receptor for pilus of both pathogenic Neisseria. CD46 is a transmembrane C3b/C4b-binding glycoprotein which functions to control the activation state and deposition of complement, and thereby protects host cells from damage caused by the human complement system	Abstract(s) in PubMed
contig_491	878	1460	+	lgtA	55.52	95.05	(lgtA) glycosyltransferase [LOS (VF0078) - Immune modulation (VFC0258)] [Neisseria meningitidis MC58]	VF0078	LOS	Lipooligosaccharide	Neisseria meningitidis	VFC0258	Immune modulation	Biosynthesis pathway of LOS is producing a branched oligosaccharide attached to a lipid A via two 3-deoxy-D-manno-2-octulosonic acid (KDO) molecules. The rfaC gene product adds the first heptose (Hep I) to KDO. The rfaF gene product adds the second Hep onto Hep I and is required for alpha-chain elongation. The lgtF gene product adds the first Glc of the alpha-chain. Genes lgtA, lgtB, lgtE are responsible for the synthesis of different alpha chains. lgtG is required for addition of the fist Glc of the beta chain; lgtA, lgtC, lgtG are subject to phase variation of expression mediated by homopolymeric tracts within their coding regions		Involved in immune system evasion, attachment to epithelial tissue, important mediator of the proinflammatory response; LOS sialylation (by the enzyme Lst) prevents complement deposition and phagocytosis by neutrophils; LOS modification by phosphoethanolamine (by the enzyme LptA) provides resistance to antimicrobial peptides and complement	Binds to asialoglycoprotein receptors on the host cell surface	Abstract(s) in PubMed
contig_51	36	896	+	pilD	100.0	96.86	(pilD) type IV pilus prepilin peptidase [Type IV pili (VF0075) - Adherence (VFC0001)] [Neisseria meningitidis MC58]	VF0075	Type IV pili		Neisseria meningitidis	VFC0001	Adherence	One or two different loci are used for the expression of the major pilin encoding gene (pilE), whereas various silent genes (pilS) are spread throughout the chromosome. Recombination between pilS and pilE copies leads to changes in the pilin coding sequence and subsequently to the expression of antigenically different pili. Mutations affecting the length of the homopolymeric G-run located in the region encoding the SP of PilC results in on/off changes in piliation	Pilin is synthesized as a precursor protein, processing by the PilD prepilin peptidase/transmethylase. Mature pilin subunit with an alpha-methylated phenylalanine residue at its N terminus (N-met-Phe). The pilin monomer contains a C-terminal globular head region and an N-terminal hydrophobic tail that folds into an unusually long alpha-helix. Pilin subunits polymerize into a right-handed helical cylinder. The hydrophobic pilin tails pack into the cylinder core while the globular pilin heads face outward, forming the surface of the cylinder; PilT, a cytoplasmic or inner membrane-localized ATPase mediates pilus disassembly from fiber base, causing retraction; PilC acts as an inhibitor of PilT-mediated fiber disassembly	Necessary for initial attachment, twitching motility and competence for natural transformation and autoagglutination	The membrane co-factor protein (MCP or CD46) has been proposed as a cellular receptor for pilus of both pathogenic Neisseria. CD46 is a transmembrane C3b/C4b-binding glycoprotein which functions to control the activation state and deposition of complement, and thereby protects host cells from damage caused by the human complement system	Abstract(s) in PubMed
contig_51	1817	3493	-	pilF	100.0	99.76	(pilF) type IV pilus assembly ATPase protein [Type IV pili (VF0075) - Adherence (VFC0001)] [Neisseria meningitidis MC58]	VF0075	Type IV pili		Neisseria meningitidis	VFC0001	Adherence	One or two different loci are used for the expression of the major pilin encoding gene (pilE), whereas various silent genes (pilS) are spread throughout the chromosome. Recombination between pilS and pilE copies leads to changes in the pilin coding sequence and subsequently to the expression of antigenically different pili. Mutations affecting the length of the homopolymeric G-run located in the region encoding the SP of PilC results in on/off changes in piliation	Pilin is synthesized as a precursor protein, processing by the PilD prepilin peptidase/transmethylase. Mature pilin subunit with an alpha-methylated phenylalanine residue at its N terminus (N-met-Phe). The pilin monomer contains a C-terminal globular head region and an N-terminal hydrophobic tail that folds into an unusually long alpha-helix. Pilin subunits polymerize into a right-handed helical cylinder. The hydrophobic pilin tails pack into the cylinder core while the globular pilin heads face outward, forming the surface of the cylinder; PilT, a cytoplasmic or inner membrane-localized ATPase mediates pilus disassembly from fiber base, causing retraction; PilC acts as an inhibitor of PilT-mediated fiber disassembly	Necessary for initial attachment, twitching motility and competence for natural transformation and autoagglutination	The membrane co-factor protein (MCP or CD46) has been proposed as a cellular receptor for pilus of both pathogenic Neisseria. CD46 is a transmembrane C3b/C4b-binding glycoprotein which functions to control the activation state and deposition of complement, and thereby protects host cells from damage caused by the human complement system	Abstract(s) in PubMed
contig_521	1	539	-	flmH	72.79	70.74	(flmH) short chain dehydrogenase/reductase family oxidoreductase [Polar flagella (VF0473) - Motility (VFC0204)] [Aeromonas hydrophila ML09-119]	VF0473	Polar flagella		Aeromonas hydrophila	VFC0204	Motility	Types of bacterial movement: swimming, swarming, gliding, twitching and sliding. Only swimming and swarming are correlated with the presence of flagella. Swimming is an individual endeavour, while swarming is the movement of a group of bacteria; constitutively expressed for motility in liquid environments		Necessary for motility, adhesion and invasion; glycosylation of the flagellin may play a role in provoking a proinflammatory response		Abstract(s) in PubMed
contig_523	348	1034	-	siaB/synB	100.0	100.0	(siaB/synB) polysialic acid capsule biosynthesis protein SiaB [Capsule (VF0079) - Immune modulation (VFC0258)] [Neisseria meningitidis MC58]	VF0079	Capsule		Neisseria meningitidis	VFC0258	Immune modulation	The meningococcal capsule-synthesis (cps) gene cluster consists of five regions:; region A harbors the polysaccharide synthesis operon (sia, syn genes); region B contains lip genes responsible for lipid modification; region C harbors ctr genes necessary for polysaccharide transport; region D is involved in lipopolysaccharide synthesis; region D' is a truncated duplication of the region D; region E contains the tex gene homologue; on-off switching of expression via a poly-cytidine tract within siaD		Mediate resistance to both phagocytosis and complement-mediated killing; Opa- and Opc-mediated invasion into host cells is also blocked by the expression of a capsule		Abstract(s) in PubMed
contig_558	1	641	-	pilT2	57.59	98.75	(pilT2) twitching motility protein PilT [Type IV pili (VF0075) - Adherence (VFC0001)] [Neisseria meningitidis MC58]	VF0075	Type IV pili		Neisseria meningitidis	VFC0001	Adherence	One or two different loci are used for the expression of the major pilin encoding gene (pilE), whereas various silent genes (pilS) are spread throughout the chromosome. Recombination between pilS and pilE copies leads to changes in the pilin coding sequence and subsequently to the expression of antigenically different pili. Mutations affecting the length of the homopolymeric G-run located in the region encoding the SP of PilC results in on/off changes in piliation	Pilin is synthesized as a precursor protein, processing by the PilD prepilin peptidase/transmethylase. Mature pilin subunit with an alpha-methylated phenylalanine residue at its N terminus (N-met-Phe). The pilin monomer contains a C-terminal globular head region and an N-terminal hydrophobic tail that folds into an unusually long alpha-helix. Pilin subunits polymerize into a right-handed helical cylinder. The hydrophobic pilin tails pack into the cylinder core while the globular pilin heads face outward, forming the surface of the cylinder; PilT, a cytoplasmic or inner membrane-localized ATPase mediates pilus disassembly from fiber base, causing retraction; PilC acts as an inhibitor of PilT-mediated fiber disassembly	Necessary for initial attachment, twitching motility and competence for natural transformation and autoagglutination	The membrane co-factor protein (MCP or CD46) has been proposed as a cellular receptor for pilus of both pathogenic Neisseria. CD46 is a transmembrane C3b/C4b-binding glycoprotein which functions to control the activation state and deposition of complement, and thereby protects host cells from damage caused by the human complement system	Abstract(s) in PubMed
contig_582	82	1204	-	hlyB	52.78	65.51	(hlyB) Hemolysin B [Alpha-Hemolysin (VF0225) - Exotoxin (VFC0235)] [Escherichia coli CFT073]	VF0225	Alpha-Hemolysin		Escherichia coli (UPEC)	VFC0235	Exotoxin	Best-characterized RTX protein secreted by a type I secretion system: the structural gene encoding the hemolysin (hlyA) is part of an operon that also encodes a dedicated export system (HlyB and HlyD comprising a type I secretion system) and a toxin modifying enzyme (HlyC). The HlyC protein is responsible for acylation of HlyA, resulting in toxin activation; The hly operon is found on a plasmid of EHEC O157:H7, while the hly operon is often located adjacent to the P fimbrial genes on the same pathogenicity island on the chromosome of UPEC strains	Pro-HlyA is activated in the cytoplasm to the hemolytically active form by HlyC, a fatty acid acyltransferase; C-terminal peptide Trp914-Arg936 is a major receptor-binding region; the HlyA export machinery consists of two specific inner membrane (IM) proteins: HlyB, HlyD, and TolC, a multifunctional protein located in the outer membrane (OM); HlyB is inserted in the IM by eight hydrophobic alpha-helical transmembrane domains (TMDs). HlyD is a membrane of the membrane fusion protein (MFP) family. HlyD is anchored in the cytoplasmic membrane by a single TMD and possesses a large periplasmic domain within the C-terminal 100 amino acids	Cytotoxic to many types of cells: erythrocytes, granulocytes, monocytes, endothelial cells and renal epithelial cells; stimulating the release of IL-1beta and TNF	HlyA frist binds a receptor on the cell surface, a beta2-integrin in leukocytes or glycophorin in red blood cells, then becomes inserted in the cell membrane. Calcium binding to the glycine-rich repeats is essential for membrane lysis	Abstract(s) in PubMed
contig_585	1	647	-	rfaK	60.75	98.61	(rfaK) glycosyltransferase family 4 protein [LOS (VF0078) - Immune modulation (VFC0258)] [Neisseria meningitidis MC58]	VF0078	LOS	Lipooligosaccharide	Neisseria meningitidis	VFC0258	Immune modulation	Biosynthesis pathway of LOS is producing a branched oligosaccharide attached to a lipid A via two 3-deoxy-D-manno-2-octulosonic acid (KDO) molecules. The rfaC gene product adds the first heptose (Hep I) to KDO. The rfaF gene product adds the second Hep onto Hep I and is required for alpha-chain elongation. The lgtF gene product adds the first Glc of the alpha-chain. Genes lgtA, lgtB, lgtE are responsible for the synthesis of different alpha chains. lgtG is required for addition of the fist Glc of the beta chain; lgtA, lgtC, lgtG are subject to phase variation of expression mediated by homopolymeric tracts within their coding regions		Involved in immune system evasion, attachment to epithelial tissue, important mediator of the proinflammatory response; LOS sialylation (by the enzyme Lst) prevents complement deposition and phagocytosis by neutrophils; LOS modification by phosphoethanolamine (by the enzyme LptA) provides resistance to antimicrobial peptides and complement	Binds to asialoglycoprotein receptors on the host cell surface	Abstract(s) in PubMed
contig_585	648	1196	-	lgtF	72.33	98.54	(lgtF) glycosyltransferase family 2 protein [LOS (VF0078) - Immune modulation (VFC0258)] [Neisseria meningitidis MC58]	VF0078	LOS	Lipooligosaccharide	Neisseria meningitidis	VFC0258	Immune modulation	Biosynthesis pathway of LOS is producing a branched oligosaccharide attached to a lipid A via two 3-deoxy-D-manno-2-octulosonic acid (KDO) molecules. The rfaC gene product adds the first heptose (Hep I) to KDO. The rfaF gene product adds the second Hep onto Hep I and is required for alpha-chain elongation. The lgtF gene product adds the first Glc of the alpha-chain. Genes lgtA, lgtB, lgtE are responsible for the synthesis of different alpha chains. lgtG is required for addition of the fist Glc of the beta chain; lgtA, lgtC, lgtG are subject to phase variation of expression mediated by homopolymeric tracts within their coding regions		Involved in immune system evasion, attachment to epithelial tissue, important mediator of the proinflammatory response; LOS sialylation (by the enzyme Lst) prevents complement deposition and phagocytosis by neutrophils; LOS modification by phosphoethanolamine (by the enzyme LptA) provides resistance to antimicrobial peptides and complement	Binds to asialoglycoprotein receptors on the host cell surface	Abstract(s) in PubMed
contig_591	1	238	-	pilS	59.2	93.7	(pilS) pilin [Type IV pili (VF0075) - Adherence (VFC0001)] [Neisseria meningitidis MC58]	VF0075	Type IV pili		Neisseria meningitidis	VFC0001	Adherence	One or two different loci are used for the expression of the major pilin encoding gene (pilE), whereas various silent genes (pilS) are spread throughout the chromosome. Recombination between pilS and pilE copies leads to changes in the pilin coding sequence and subsequently to the expression of antigenically different pili. Mutations affecting the length of the homopolymeric G-run located in the region encoding the SP of PilC results in on/off changes in piliation	Pilin is synthesized as a precursor protein, processing by the PilD prepilin peptidase/transmethylase. Mature pilin subunit with an alpha-methylated phenylalanine residue at its N terminus (N-met-Phe). The pilin monomer contains a C-terminal globular head region and an N-terminal hydrophobic tail that folds into an unusually long alpha-helix. Pilin subunits polymerize into a right-handed helical cylinder. The hydrophobic pilin tails pack into the cylinder core while the globular pilin heads face outward, forming the surface of the cylinder; PilT, a cytoplasmic or inner membrane-localized ATPase mediates pilus disassembly from fiber base, causing retraction; PilC acts as an inhibitor of PilT-mediated fiber disassembly	Necessary for initial attachment, twitching motility and competence for natural transformation and autoagglutination	The membrane co-factor protein (MCP or CD46) has been proposed as a cellular receptor for pilus of both pathogenic Neisseria. CD46 is a transmembrane C3b/C4b-binding glycoprotein which functions to control the activation state and deposition of complement, and thereby protects host cells from damage caused by the human complement system	Abstract(s) in PubMed
contig_591	536	1009	-	pilS	97.4	88.61	(pilS) pilin [Type IV pili (VF0075) - Adherence (VFC0001)] [Neisseria meningitidis MC58]	VF0075	Type IV pili		Neisseria meningitidis	VFC0001	Adherence	One or two different loci are used for the expression of the major pilin encoding gene (pilE), whereas various silent genes (pilS) are spread throughout the chromosome. Recombination between pilS and pilE copies leads to changes in the pilin coding sequence and subsequently to the expression of antigenically different pili. Mutations affecting the length of the homopolymeric G-run located in the region encoding the SP of PilC results in on/off changes in piliation	Pilin is synthesized as a precursor protein, processing by the PilD prepilin peptidase/transmethylase. Mature pilin subunit with an alpha-methylated phenylalanine residue at its N terminus (N-met-Phe). The pilin monomer contains a C-terminal globular head region and an N-terminal hydrophobic tail that folds into an unusually long alpha-helix. Pilin subunits polymerize into a right-handed helical cylinder. The hydrophobic pilin tails pack into the cylinder core while the globular pilin heads face outward, forming the surface of the cylinder; PilT, a cytoplasmic or inner membrane-localized ATPase mediates pilus disassembly from fiber base, causing retraction; PilC acts as an inhibitor of PilT-mediated fiber disassembly	Necessary for initial attachment, twitching motility and competence for natural transformation and autoagglutination	The membrane co-factor protein (MCP or CD46) has been proposed as a cellular receptor for pilus of both pathogenic Neisseria. CD46 is a transmembrane C3b/C4b-binding glycoprotein which functions to control the activation state and deposition of complement, and thereby protects host cells from damage caused by the human complement system	Abstract(s) in PubMed
contig_61	2044	3536	+	lpt6	89.49	66.18	(lpt6) phosphoethanolamine (Petn) transferase [LOS (VF0044) - Immune modulation (VFC0258)] [Haemophilus influenzae Rd KW20]	VF0044	LOS		Haemophilus influenzae	VFC0258	Immune modulation	Lic1A (phosphorylcholine (ChoP) kinase) 5'-CAAT-3' within the 5'-end of its coding sequence; lic2A, also referred to as lexA, variation in the number of 5'-CAAT-3' repeats has been shown to correlate directly with phase variation of the Gal-alpha(1-4)beta-Gal LPS structure; But lgtC (glycosyltransferase), another phase-variable gene, ultimately dictates whether this structure is synthesized. lic3A encode a sialyl transferase which directs the substitution of LPS with sialic acid.	Comprising Lipid A, an inner core of one molecule 3-deoxy-D-manno-oct-2-ulopyranosonic acid (Kdo) and three molecules of heptose, and an outer core composed of a heteropolymer of the neutral sugars glucose and galactose. Substitution of the out core with phosphorylcholine or sialic acid results in the heterogeneity of LPS; Lack O-antigen	Major immunogen; LOS phosphorylcholine (ChoP) may influence invasion via interaction with PAF receptor and stimulates of inflammatory signals; LPS phase variation is characterized by the spontaneous loss and gain of oligosaccharide structures present in the outer core. the phase variable expression of LPS biosynthesis genes promotes evasion of antigen-specific host immune defences and allow colonization of different host microenvironments	Lic1(lic1A-lic1D) responsible for the addition of phosphorylcholine to LPS. lic1A mediates phase variation (tetranucleotide repeat region); phase-variable gene lic3A encodes an alpha-2,3-sialyltransferase that is responsible for the addition of Neu5Ac to terminal lactose in the LPS, LPS sialylation has been shown to be important for resistance to the killing effectors of normal human serum	Abstract(s) in PubMed
contig_631	189	1115	+	lipB	73.57	100.0	(lipB) capsule polysaccharide modification protein LipB [Capsule (VF0079) - Immune modulation (VFC0258)] [Neisseria meningitidis MC58]	VF0079	Capsule		Neisseria meningitidis	VFC0258	Immune modulation	The meningococcal capsule-synthesis (cps) gene cluster consists of five regions:; region A harbors the polysaccharide synthesis operon (sia, syn genes); region B contains lip genes responsible for lipid modification; region C harbors ctr genes necessary for polysaccharide transport; region D is involved in lipopolysaccharide synthesis; region D' is a truncated duplication of the region D; region E contains the tex gene homologue; on-off switching of expression via a poly-cytidine tract within siaD		Mediate resistance to both phagocytosis and complement-mediated killing; Opa- and Opc-mediated invasion into host cells is also blocked by the expression of a capsule		Abstract(s) in PubMed
contig_680	1	183	+	pilZ	52.14	99.45	(pilZ) type IV pilus assembly protein PilZ [Type IV pili (VF0075) - Adherence (VFC0001)] [Neisseria meningitidis MC58]	VF0075	Type IV pili		Neisseria meningitidis	VFC0001	Adherence	One or two different loci are used for the expression of the major pilin encoding gene (pilE), whereas various silent genes (pilS) are spread throughout the chromosome. Recombination between pilS and pilE copies leads to changes in the pilin coding sequence and subsequently to the expression of antigenically different pili. Mutations affecting the length of the homopolymeric G-run located in the region encoding the SP of PilC results in on/off changes in piliation	Pilin is synthesized as a precursor protein, processing by the PilD prepilin peptidase/transmethylase. Mature pilin subunit with an alpha-methylated phenylalanine residue at its N terminus (N-met-Phe). The pilin monomer contains a C-terminal globular head region and an N-terminal hydrophobic tail that folds into an unusually long alpha-helix. Pilin subunits polymerize into a right-handed helical cylinder. The hydrophobic pilin tails pack into the cylinder core while the globular pilin heads face outward, forming the surface of the cylinder; PilT, a cytoplasmic or inner membrane-localized ATPase mediates pilus disassembly from fiber base, causing retraction; PilC acts as an inhibitor of PilT-mediated fiber disassembly	Necessary for initial attachment, twitching motility and competence for natural transformation and autoagglutination	The membrane co-factor protein (MCP or CD46) has been proposed as a cellular receptor for pilus of both pathogenic Neisseria. CD46 is a transmembrane C3b/C4b-binding glycoprotein which functions to control the activation state and deposition of complement, and thereby protects host cells from damage caused by the human complement system	Abstract(s) in PubMed
contig_77	300	1295	+	fbpA	100.0	99.5	(fbpA) iron(III) ABC transporter periplasmic binding protein [FbpABC (VF0272) - Nutritional/Metabolic factor (VFC0272)] [Neisseria meningitidis MC58]	VF0272	FbpABC		Neisseria meningitidis	VFC0272	Nutritional/Metabolic factor			Encodes a periplasmic-binding protein-dependent iron transport system necessary for the utilization of iron bound to transferrin or iron chelates, FbpA is the periplasmic Fe3+ binding protein		Abstract(s) in PubMed
contig_77	1363	2880	+	fbpB	100.0	99.87	(fbpB) iron(III) ABC transporter permease protein [FbpABC (VF0272) - Nutritional/Metabolic factor (VFC0272)] [Neisseria meningitidis MC58]	VF0272	FbpABC		Neisseria meningitidis	VFC0272	Nutritional/Metabolic factor			Encodes a periplasmic-binding protein-dependent iron transport system necessary for the utilization of iron bound to transferrin or iron chelates, FbpA is the periplasmic Fe3+ binding protein		Abstract(s) in PubMed
contig_77	2901	3959	+	fbpC	100.0	99.53	(fbpC) iron(III) ABC transporter ATP-binding protein [FbpABC (VF0272) - Nutritional/Metabolic factor (VFC0272)] [Neisseria meningitidis MC58]	VF0272	FbpABC		Neisseria meningitidis	VFC0272	Nutritional/Metabolic factor			Encodes a periplasmic-binding protein-dependent iron transport system necessary for the utilization of iron bound to transferrin or iron chelates, FbpA is the periplasmic Fe3+ binding protein		Abstract(s) in PubMed
contig_82	221	1135	-	mntC	100.0	96.72	(mntC) periplasmic binding protein MntC [MntABC (VF0455) - Stress survival (VFC0282)] [Neisseria meningitidis MC58]	VF0455	MntABC	Manganese transport system	Neisseria meningitidis	VFC0282	Stress survival	An ATP binding cassette (ABC) permease containing a periplasmic metal binding receptor protein (MBR), MntC		Quenches ROS that is independent of superoxide dismutase and catalase		Abstract(s) in PubMed
contig_82	1212	2087	-	mntB	100.0	99.43	(mntB) Manganese transport system membrane protein MntB [MntABC (VF0455) - Stress survival (VFC0282)] [Neisseria meningitidis MC58]	VF0455	MntABC	Manganese transport system	Neisseria meningitidis	VFC0282	Stress survival	An ATP binding cassette (ABC) permease containing a periplasmic metal binding receptor protein (MBR), MntC		Quenches ROS that is independent of superoxide dismutase and catalase		Abstract(s) in PubMed
contig_82	2122	2847	-	mntA	100.0	94.49	(mntA) ABC transporter ATP-binding protein MntA [MntABC (VF0455) - Stress survival (VFC0282)] [Neisseria meningitidis MC58]	VF0455	MntABC	Manganese transport system	Neisseria meningitidis	VFC0282	Stress survival	An ATP binding cassette (ABC) permease containing a periplasmic metal binding receptor protein (MBR), MntC		Quenches ROS that is independent of superoxide dismutase and catalase		Abstract(s) in PubMed
contig_86	284	2411	+	lbpB	91.51	79.31	(lbpB) lactoferrin-binding protein B [Lbp (VF0047) - Nutritional/Metabolic factor (VFC0272)] [Neisseria meningitidis MC58]	VF0047	Lbp	Lactoferrin-binding protein	Neisseria meningitidis	VFC0272	Nutritional/Metabolic factor	The entry site of N. meningitidis into the body is the nasopharynx, where lactoferrin predominates as the main source of iron		LbpA is the TonB-dependent lactoferrin receptor and Fe transport channel, LbpB is lactoferrin receptor accessory lipoprotein, contributes to lactoferrin binding/use		Abstract(s) in PubMed
contig_86	2458	5289	+	lbpA	100.0	97.99	(lbpA) lactoferrin-binding protein A [Lbp (VF0047) - Nutritional/Metabolic factor (VFC0272)] [Neisseria meningitidis MC58]	VF0047	Lbp	Lactoferrin-binding protein	Neisseria meningitidis	VFC0272	Nutritional/Metabolic factor	The entry site of N. meningitidis into the body is the nasopharynx, where lactoferrin predominates as the main source of iron		LbpA is the TonB-dependent lactoferrin receptor and Fe transport channel, LbpB is lactoferrin receptor accessory lipoprotein, contributes to lactoferrin binding/use		Abstract(s) in PubMed
contig_9	21	670	+	tufA	54.85	66.92	(tufA) elongation factor Tu [EF-Tu (VF0460) - Adherence (VFC0001)] [Francisella tularensis subsp. tularensis SCHU S4]	VF0460	EF-Tu		Francisella tularensis	VFC0001	Adherence			Surface-expressed elongation factor-Tu (EF-Tu) mediates attachment by interacting with host cell nucleolin		Abstract(s) in PubMed
contig_95	1	2684	-	tbpA	97.56	95.98	(tbpA) transferrin-binding protein A [Tbp (VF0046) - Nutritional/Metabolic factor (VFC0272)] [Neisseria meningitidis MC58]	VF0046	Tbp	Transferrin-binding protein	Neisseria meningitidis	VFC0272	Nutritional/Metabolic factor	The tbp locus is a bicistronic operon consisting of tbpA and tbpB. Unlike the case for many other genes of Neisseria, there is no phase variation of the transferrin receptor		TbpA is the TonB-dependent transferrin receptor and Fe transport channel, forms complex with TbpB. TbpB is the transferrin receptor accessory lipoprotein		Abstract(s) in PubMed
contig_95	2771	4921	-	tbpB	98.83	88.6	(tbpB) transferrin-binding protein B [Tbp (VF0046) - Nutritional/Metabolic factor (VFC0272)] [Neisseria meningitidis MC58]	VF0046	Tbp	Transferrin-binding protein	Neisseria meningitidis	VFC0272	Nutritional/Metabolic factor	The tbp locus is a bicistronic operon consisting of tbpA and tbpB. Unlike the case for many other genes of Neisseria, there is no phase variation of the transferrin receptor		TbpA is the TonB-dependent transferrin receptor and Fe transport channel, forms complex with TbpB. TbpB is the transferrin receptor accessory lipoprotein		Abstract(s) in PubMed
